{
  "工商信息->工商信息->经营范围": "一般项目：技术服务、技术开发、技术咨询、技术交流、技术转让、技术推广,计算机软硬件及辅助设备批发,计算机软硬件及辅助设备零售,机械设备销售,通信设备销售,光通信设备销售,集成电路芯片及产品销售,物联网设备销售,工艺美术品及礼仪用品销售（象牙及其制品除外）,电子专用设备销售,办公用品销售,仪器仪表销售,软件开发,网络设备销售,互联网安全服务,信息系统运行维护服务,信息系统集成服务,计算机及通讯设备租赁,建筑材料销售,对外承包工程,工程管理服务,工程技术服务（规划管理、勘察、设计、监理除外）,普通机械设备安装服务,通用设备修理,通讯设备修理,安全技术防范系统设计施工服务,物联网技术服务,网络技术服务,计算机系统服务,云计算装备技术服务,货物进出口。（除许可业务外，可自主依法经营法律法规非禁止或限制的项目）许可项目：电气安装服务。（依法须经批准的项目，经相关部门批准后方可开展经营活动，具体经营项目以相关部门批准文件或许可证件为准）",
  "上市信息->证券信息": null,
  "工商信息->工商信息->企业名称": "武汉云腾电子科技有限公司",
  "工商信息->工商信息->登记机关": "武汉市东西湖区市场监督管理局",
  "法律诉讼->限制出境": "",
  "经营风险->担保风险": ""
}