{
  "工商信息->工商信息->经营范围": "服务：计算机软硬件、电子技术、通信技术、环保技术、生物技术、智能监控系统的技术开发、技术服务、技术咨询，计算机系统集成；批发、零售：计算机软硬件，电子产品、通信设备（除专控），仪器仪表；其他无需报经审批的一切合法项目。",
  "上市信息->证券信息": null,
  "工商信息->工商信息->企业名称": "杭州立赫信科技有限公司",
  "工商信息->工商信息->登记机关": "杭州市西湖区市场监督管理局",
  "法律诉讼->限制出境": "",
  "经营风险->担保风险": ""
}