{
  "工商信息->工商信息->经营范围": "一般项目：技术服务、技术开发、技术咨询、技术交流、技术转让、技术推广；货物进出口；技术进出口；进出口代理；计算机软硬件及外围设备制造；计算机软硬件及辅助设备批发；计算机软硬件及辅助设备零售；电子产品销售；通信设备销售；通讯设备销售；文化、办公用设备制造；办公用品销售；文具制造；文具用品批发；文具用品零售；办公设备耗材制造；办公设备耗材销售；办公设备销售；化妆品批发；日用品批发；日用品销售；体育用品及器材批发；日用家电零售；针纺织品及原料销售；消防技术服务；社会经济咨询服务；信息咨询服务（不含许可类信息咨询服务）；机械设备销售；专用设备制造（不含许可类专业设备制造）；电子专用设备制造；电子专用设备销售；电力电子元器件制造；电力电子元器件销售；电子元器件制造；电子元器件批发；衡器制造；衡器销售；智能车载设备制造；智能车载设备销售；可穿戴智能设备制造；可穿戴智能设备销售；导航终端制造；导航终端销售；音响设备制造；音响设备销售；家用电器零配件销售；电工仪器仪表制造；电工仪器仪表销售；照明器具制造；照明器具销售；广播电视设备制造（不含广播电视传输设备）；广播影视设备销售；专用仪器制造；仪器仪表销售；电子专用材料销售；电子测量仪器销售；五金产品制造；五金产品批发；五金产品零售；电线、电缆经营；配电开关控制设备制造；配电开关控制设备销售；输配电及控制设备制造；智能输配电及控制设备销售；照相机及器材制造；照相机及器材销售；网络设备制造；网络设备销售；电力设施器材制造；电力设施器材销售。（除依法须经批准的项目外，凭营业执照依法自主开展经营活动）（不得从事国家和本市产业政策禁止和限制类项目的经营活动。）",
  "上市信息->证券信息": null,
  "工商信息->工商信息->企业名称": "欧陆（北京）通讯技术有限公司",
  "工商信息->工商信息->登记机关": "北京市昌平区市场监督管理局",
  "法律诉讼->限制出境": "",
  "经营风险->担保风险": ""
}