{
  "工商信息->工商信息->经营范围": "销售：电脑及配件、数码产品、计算机软硬件、办公耗材、五金交电、办公用品、日用百货、汽车配件、建筑材料、服装服饰、针纺织品；计算机系统集成；国内商务信息咨询，会务服务，展览展示服务；设计、制作、代理、发布国内各类广告（不含气球广告及固定形式印刷品广告）。（依法须经批准的项目，经相关部门批准后方可开展经营活动)。",
  "上市信息->证券信息": null,
  "工商信息->工商信息->企业名称": "成都市盛百豪贸易有限公司",
  "工商信息->工商信息->登记机关": "武侯区市场和质量监督管理局",
  "法律诉讼->限制出境": "",
  "经营风险->担保风险": ""
}