{
  "工商信息->工商信息->经营范围": "一般项目：数据处理服务。（除依法须经批准的项目外，凭营业执照依法自主开展经营活动）自主展示（特色）项目：技术服务、技术开发、技术咨询、技术交流、技术转让、技术推广；软件销售；数字视频监控系统销售；计算机系统服务；信息系统集成服务；计算机软硬件及辅助设备批发；计算机软硬件及辅助设备零售；信息技术咨询服务；安全系统监控服务；安全技术防范系统设计施工服务；非居住房地产租赁。",
  "上市信息->证券信息": null,
  "工商信息->工商信息->企业名称": "新智认知数据服务有限公司",
  "工商信息->工商信息->登记机关": "浦东新区市场监督管理局",
  "法律诉讼->限制出境": "",
  "经营风险->担保风险": ""
}