{
  "工商信息->工商信息->经营范围": "一般经营项目是：计算机数据库，计算机系统分析；提供计算机技术服务；网络商务服务、数据库服务、数据库管理；从事信息技术、电子产品、生物技术、化工产品、建筑建材、机械设备等领域内的技术开发、技术咨询、技术服务、技术转让；计算机编程；计算机软件设计；计算机及相关设备的销售；信息系统集成；从事货物、技术进出口业务；工程服务、工程施工。机械设备租赁；计算机及通讯设备租赁；租赁服务（不含许可类租赁服务）。储能技术服务；合同能源管理；节能管理服务。（除依法须经批准的项目外，凭营业执照依法自主开展经营活动），许可经营项目是：芯片的设计、研发、生产、测试、加工、销售、咨询及技术服务。第二类医疗器械销售；第三类医疗器械经营。（依法须经批准的项目，经相关部门批准后方可开展经营活动，具体经营项目以相关部门批准文件或许可证件为准）",
  "上市信息->证券信息": null,
  "工商信息->工商信息->企业名称": "深圳云天励飞技术股份有限公司",
  "工商信息->工商信息->登记机关": "深圳市市场监督管理局",
  "法律诉讼->限制出境": "",
  "经营风险->担保风险": ""
}