{
  "工商信息->工商信息->经营范围": "许可项目：货物进出口；进出口代理；技术进出口（依法须经批准的项目，经相关部门批准后方可开展经营活动）一般项目：技术服务、技术开发、技术咨询、技术交流、技术转让、技术推广；信息技术咨询服务；电子产品销售；计算机软硬件及辅助设备零售；广告发布（非广播电台、电视台、报刊出版单位）；广告设计、代理；广告制作；通讯设备销售；日用品销售（除许可业务外，可自主依法经营法律法规非禁止或限制的项目）",
  "上市信息->证券信息": null,
  "工商信息->工商信息->企业名称": "海南嘉美华成信息技术有限公司",
  "工商信息->工商信息->登记机关": "海南省市场监督管理局",
  "法律诉讼->限制出境": "",
  "经营风险->担保风险": ""
}