{
  "工商信息->工商信息->经营范围": "闭路监控系统、防盗系统、楼宇对讲系统、门禁系统、视频电子产品、 计算机系统集成的技术开发和销售，人工智能技术研发及应用、行业智能物联及家居物联等产品研发、销售，安全技术防范系统工程设计、施工、 维护及软件开发，货物及技术进出口。（不含法律、行政法规、国务院决定禁止 及规定需前置审批项目）；工业互联网数据服务；大数据服务；信息系统集成服务；汽车零部件研发；智能车载设备制造；智能车载设备销售。电工器材销售；五金产品批发；五金产品零售；电子产品销售；电池销售；电池零配件销售；集成电路设计；互联网销售（除销售需要许可的商品）。（除依法须经批准的项目外，凭营业执照依法自主开展经营活动）闭路监控系统、防盗系统、楼宇对讲系统、门禁系统、视频电子产品、 计算机系统集成的生产，人工智能技术研发及应用、行业智能物联及家居物联产品的生产。第二类医疗器械销售。（依法须经批准的项目，经相关部门批准后方可开展经营活动，具体经营项目以相关部门批准文件或许可证件为准）",
  "上市信息->证券信息": null,
  "工商信息->工商信息->企业名称": "深圳市万佳安物联科技股份有限公司",
  "工商信息->工商信息->登记机关": "深圳市市场监督管理局龙华监管局",
  "法律诉讼->限制出境": "",
  "经营风险->担保风险": ""
}