{
  "工商信息->工商信息->经营范围": "一般项目：电子专用材料研发；技术服务、技术开发、技术咨询、技术交流、技术转让、技术推广；电子产品销售；通讯设备销售；日用品销售；办公用品销售；卫生用品和一次性使用医疗用品销售；家居用品销售；互联网销售（除销售需要许可的商品）；日用百货销售；游艺及娱乐用品销售；体育用品及器材零售；户外用品销售；玩具销售；家具销售；针纺织品销售；电子元器件零售；光电子器件销售；电子测量仪器销售；国内贸易代理；机械设备租赁；机械设备销售；建筑材料销售；化工产品销售（不含许可类化工产品）；母婴用品销售；仪器仪表销售；计算机软硬件及辅助设备批发；五金产品批发；工艺美术品及礼仪用品销售（象牙及其制品除外）；家用电器销售；建筑陶瓷制品销售；第一类医疗器械销售；建筑用钢筋产品销售。（除依法须经批准的项目外，凭营业执照依法自主开展经营活动）许可项目：货物进出口；技术进出口。（依法须经批准的项目，经相关部门批准后方可开展经营活动，具体经营项目以相关部门批准文件或许可证件为准）",
  "上市信息->证券信息": null,
  "工商信息->工商信息->企业名称": "滨州德信电子科技有限公司",
  "工商信息->工商信息->登记机关": "滨州经济技术开发区市场监督管理局",
  "法律诉讼->限制出境": "",
  "经营风险->担保风险": ""
}