{
  "工商信息->工商信息->经营范围": "一般经营项目是：计算机软硬件、电子产品、网络设备的技术开发及销售；计算机软件系统集成、网络布线工程、公共安全防范设备工程设计、施工、技术开发及销售；国内贸易；货物及技术进出口。（法律、行政法规、国务院决定规定在登记前须经批准的项目除外） ，许可经营项目是：",
  "上市信息->证券信息": null,
  "工商信息->工商信息->企业名称": "深圳市新欣威视科技有限公司",
  "工商信息->工商信息->登记机关": "深圳市市场监督管理局",
  "法律诉讼->限制出境": "",
  "经营风险->担保风险": ""
}