{
  "工商信息->工商信息->经营范围": "一般项目：软件开发；技术服务、技术开发、技术咨询、技术交流、技术转让、技术推广；电子元器件制造；电子元器件批发；计算机软硬件及外围设备制造；计算机软硬件及辅助设备批发；网络设备制造；网络设备销售；安防设备制造；安防设备销售；智能无人飞行器制造；智能无人飞行器销售；智能机器人的研发；显示器件制造；显示器件销售；通信设备制造；通信设备销售；电子产品销售；集成电路销售；金属材料销售；消防器材销售；信息系统集成服务；大数据服务；数据处理和存储支持服务；数据处理服务；货物进出口(除依法须经批准的项目外，凭营业执照依法自主开展经营活动)。许可项目：餐饮服务(依法须经批准的项目，经相关部门批准后方可开展经营活动，具体经营项目以审批结果为准)。",
  "上市信息->证券信息": null,
  "工商信息->工商信息->企业名称": "浙江常淳科技有限公司",
  "工商信息->工商信息->登记机关": "淳安县市场监督管理局",
  "法律诉讼->限制出境": "",
  "经营风险->担保风险": ""
}