{
  "工商信息->工商信息->经营范围": "一般项目：技术服务、技术开发、技术咨询、技术交流、技术转让、技术推广；网络技术服务；通讯设备销售；家用电器销售；机械电气设备销售；电子产品销售；互联网销售（除销售需要许可的商品）；企业管理咨询；市场营销策划；组织文化艺术交流活动；销售代理；商务代理代办服务(除依法须经批准的项目外，凭营业执照依法自主开展经营活动)。",
  "上市信息->证券信息": null,
  "工商信息->工商信息->企业名称": "浙江鑫科丰网络科技有限公司",
  "工商信息->工商信息->登记机关": "宁波市鄞州区市场监督管理局",
  "法律诉讼->限制出境": "",
  "经营风险->担保风险": ""
}