{
  "工商信息->工商信息->经营范围": "一般经营项目是：计算机技术开发、技术咨询、技术服务、技术转让、技术推广；计算机系统服务；销售计算机软硬件及辅助设备。，许可经营项目是：",
  "上市信息->证券信息": null,
  "工商信息->工商信息->企业名称": "深圳志凌海纳科技有限公司",
  "工商信息->工商信息->登记机关": "深圳市市场监督管理局",
  "法律诉讼->限制出境": "",
  "经营风险->担保风险": ""
}