{
  "工商信息->工商信息->经营范围": "软件的技术开发、销售、维护及技术咨询；计算机信息系统集成的开发、相关产品销售及技术咨询服务(以上不含限制项目)；通讯产品及配套设备的技术开发；国内贸易（不含专营、专卖、专控商品）；通信设备的上门安装服务、技术维护（涉及凭资质许可的项目须取得资质许可后方可经营）；经营进出口业务(法律，行政法规、国务院决定禁止的项目除外，限制的项目须取得许可后方可经营）；教育信息咨询、企业管理咨询（不含限制项）；企业管理培训及信息技术培训(以上均不含学历教育培训，不含劳动技能培训、不含以职业技能为主的职业资格培训、职业技能培训、安全培训、职业技能培训）；供应链管理（不包括金融资产管理、信托、金融租赁、财务公司、货币经纪、消费金融等）。(以上法律，行政法规、国务院决定禁止的项目除外，限制的项目须取得许可后方可经营）人力资源服务外包；人力资源管理咨询；人力资源测评；人才供求信息服务；人才招聘；委托推荐和招聘；就业择业指导；人才租赁；转让或派遣；劳务派遣服务。",
  "上市信息->证券信息": null,
  "工商信息->工商信息->企业名称": "深圳市讯方技术股份有限公司",
  "工商信息->工商信息->登记机关": "深圳市市场监督管理局",
  "法律诉讼->限制出境": "",
  "经营风险->担保风险": ""
}