{
  "工商信息->工商信息->经营范围": "通讯设备、信息技术设备、低压成套设备、天线产品、钣金件的研发与生产；软件的生产、设计、销售（不含国家限制项目）及相关技术咨询（依法须经批准的项目，经相关部门批准后方可开展经营活动）。",
  "上市信息->证券信息": null,
  "工商信息->工商信息->企业名称": "深圳市华荣科技有限公司",
  "工商信息->工商信息->登记机关": "深圳市市场监督管理局",
  "法律诉讼->限制出境": "",
  "经营风险->担保风险": ""
}