{
  "工商信息->工商信息->经营范围": "一般项目：云计算装备技术服务；软件开发；人工智能应用软件开发；网络与信息安全软件开发；人工智能理论与算法软件开发；人工智能基础软件开发；数字文化创意软件开发；软件外包服务；与农业生产经营有关的技术、信息、设施建设运营等服务；5G通信技术服务；数字技术服务；地理遥感信息服务；物联网技术服务；工业互联网数据服务；网络技术服务；技术服务、技术开发、技术咨询、技术交流、技术转让、技术推广；互联网数据服务；区块链技术相关软件和服务；数字视频监控系统销售；网络设备销售；工程管理服务；计算机软硬件及辅助设备批发；计算机软硬件及辅助设备零售；工业控制计算机及系统销售；仪器仪表销售；机械设备销售；金属制品销售（除依法须经批准的项目外，凭营业执照依法自主开展经营活动）",
  "上市信息->证券信息": null,
  "工商信息->工商信息->企业名称": "湖北诺鑫科技有限公司",
  "工商信息->工商信息->登记机关": "武汉市江夏区市场监督管理局",
  "法律诉讼->限制出境": "",
  "经营风险->担保风险": ""
}