{
  "工商信息->工商信息->经营范围": "一般经营项目是：计算机、计算机软硬件、互联网络设备、大数据应用软件及辅助设备、电子产品的技术开发和销售；计算机系统集成服务；计算机软硬件技术咨询、技术开发、上门维修维护安装；网络技术开发；网页设计；计算机系统分析；数据库开发、数据库管理；计算机编程；国内贸易；货物及技术进出口。（法律、行政法规禁止的项目除外；法律、行政法规限制的项目须取得许可后方可经营），许可经营项目是：",
  "上市信息->证券信息": null,
  "工商信息->工商信息->企业名称": "深圳市杉岩数据技术有限公司",
  "工商信息->工商信息->登记机关": "深圳市市场监督管理局",
  "法律诉讼->限制出境": "",
  "经营风险->担保风险": ""
}