{
  "工商信息->工商信息->经营范围": "电子产品销售；信息系统集成服务；专业设计服务；国内贸易代理；广告设计、代理；广告发布；广告制作；软件开发；住房租赁；办公用品销售；日用百货销售；劳务服务（不含劳务派遣）；第一类医疗器械销售；商务代理代办服务。显示器件制造；交通及公共管理用标牌销售；家用电器制造；工业控制计算机及系统制造；工业控制计算机及系统销售；显示器件销售；机械零件、零部件加工；技术服务、技术开发、技术咨询、技术交流、技术转让、技术推广；信息技术咨询服务；家用电器零配件销售；家用电器销售；影视录放设备制造；音响设备制造；电子元器件制造；电视机制造；信息系统集成服务；物联网技术服务；家用电器研发；电子专用材料研发；家用电器安装服务。（除依法须经批准的项目外，凭营业执照依法自主开展经营活动）显示器件制造；家用纺织制成品制造；第二类医疗器械销售。（依法须经批准的项目，经相关部门批准后方可开展经营活动，具体经营项目以相关部门批准文件或许可证件为准）",
  "上市信息->证券信息": null,
  "工商信息->工商信息->企业名称": "深圳市爱佳商显科技有限公司",
  "工商信息->工商信息->登记机关": "深圳市市场监督管理局",
  "法律诉讼->限制出境": "",
  "经营风险->担保风险": ""
}