{
  "工商信息->工商信息->经营范围": "许可项目：网络文化经营；第一类增值电信业务；第二类增值电信业务；职业中介活动（依法须经批准的项目，经相关部门批准后方可开展经营活动，具体经营项目以审批结果为准）一般项目：软件开发；软件销售；计算机软硬件及外围设备制造；计算机软硬件及辅助设备零售；技术服务、技术开发、技术咨询、技术交流、技术转让、技术推广；大数据服务；信息系统运行维护服务；信息系统集成服务；工程管理服务；工业工程设计服务；工业自动控制系统装置制造；工业机器人制造；工业机器人安装、维修；工业互联网数据服务；工业控制计算机及系统制造；工业控制计算机及系统销售；通信设备制造；通信设备销售；人工智能硬件销售；人工智能应用软件开发；人工智能行业应用系统集成服务；物联网设备制造；物联网技术研发；物联网设备销售；物联网应用服务；物联网技术服务；网络与信息安全软件开发；节能管理服务；储能技术服务；仪器仪表销售；技术进出口；货物进出口；人力资源服务（不含职业中介活动、劳务派遣服务）；人工智能通用应用系统；人工智能理论与算法软件开发；智能机器人的研发；服务消费机器人销售；在线能源计量技术研发；配电开关控制设备研发；新兴能源技术研发；数据处理服务；工业机器人销售（除依法须经批准的项目外，凭营业执照依法自主开展经营活动）",
  "上市信息->证券信息": null,
  "工商信息->工商信息->企业名称": "江苏润和软件股份有限公司",
  "工商信息->工商信息->登记机关": "南京市市场监督管理局",
  "法律诉讼->限制出境": "",
  "经营风险->担保风险": ""
}