{
  "工商信息->工商信息->经营范围": "许可项目：酒类经营；互联网信息服务；第二类增值电信业务；出版物批发；出版物零售（依法须经批准的项目，经相关部门批准后方可开展经营活动，具体经营项目以审批结果为准）一般项目：金属材料销售；光伏设备及元器件销售；电子专用材料销售；太阳能热利用产品销售；太阳能热发电产品销售；太阳能热利用装备销售；太阳能热发电装备销售；电池销售；制冷、空调设备销售；家用电器销售；电气设备销售；五金产品批发；五金产品零售；电子产品销售；通信设备销售；计算机软硬件及辅助设备批发；服装服饰批发；机械设备销售；仪器仪表销售；日用品销售；劳动保护用品销售；照相机及器材销售；音响设备销售；办公用品销售；电子元器件批发；体育用品及器材批发；消防器材销售；家具销售；汽车零配件批发；化妆品批发；针纺织品销售；鞋帽批发；玩具销售；第一类医疗器械销售；第二类医疗器械销售；专用化学产品销售（不含危险化学品）；润滑油销售；食品销售（仅销售预包装食品）（除依法须经批准的项目外，凭营业执照依法自主开展经营活动）",
  "上市信息->证券信息": null,
  "工商信息->工商信息->企业名称": "江苏达创电器有限公司",
  "工商信息->工商信息->登记机关": "南京市溧水区行政审批局",
  "法律诉讼->限制出境": "",
  "经营风险->担保风险": ""
}