{
  "工商信息->工商信息->经营范围": "计算机软件技术开发、技术咨询；计算机系统服务；企业管理咨询；会议会展服务、安防工程施工；批发兼零售：电子产品、办公设备、通讯器材（不含卫星地面接收设备）、摄录器材、计算机软件及辅助设备、安防产品、服装鞋帽、体育用品、工艺品、建筑材料、五金交电、汽车配件、音响设备、文具用品、化妆品、家用电器。",
  "上市信息->证券信息": null,
  "工商信息->工商信息->企业名称": "郑州卓之佳电子科技有限公司",
  "工商信息->工商信息->登记机关": "郑州市惠济区市场监督管理局",
  "法律诉讼->限制出境": "",
  "经营风险->担保风险": ""
}