{
  "工商信息->工商信息->经营范围": "许可项目：检验检测服务（依法须经批准的项目，经相关部门批准后方可开展经营活动，具体经营项目以相关部门批准文件或许可证件为准）一般项目：集成电路制造；集成电路设计；集成电路芯片设计及服务；集成电路芯片及产品制造；集成电路芯片及产品销售；技术服务、技术开发、技术咨询、技术交流、技术转让、技术推广；软件开发；电子元器件与机电组件设备销售；电子元器件制造；电子元器件零售；电子元器件批发；计算机软硬件及辅助设备零售；计算机软硬件及辅助设备批发（除依法须经批准的项目外，凭营业执照依法自主开展经营活动）。",
  "上市信息->证券信息": null,
  "工商信息->工商信息->企业名称": "长沙韶光半导体有限公司",
  "工商信息->工商信息->登记机关": "长沙经济技术开发区管理委员会",
  "法律诉讼->限制出境": "",
  "经营风险->担保风险": ""
}