{
  "工商信息->工商信息->经营范围": "一般项目：计算机软硬件及辅助设备批发；计算机软硬件及辅助设备零售；机械设备销售；电子产品销售；家用电器销售；家用电器零配件销售；日用化学产品销售；文具用品批发；文具用品零售；照相器材及望远镜批发；体育用品及器材批发；体育用品及器材零售；日用百货销售；日用品销售；家具销售；钟表销售；眼镜销售（不含隐形眼镜）；玩具、动漫及游艺用品销售；汽车零配件批发；汽车零配件零售；摩托车及零配件批发；摩托车及零配件零售；仪器仪表销售；通信设备销售；移动终端设备销售；移动通信设备销售；计算机软硬件及外围设备制造；技术服务、技术开发、技术咨询、技术交流、技术转让、技术推广；软件开发；信息咨询服务（不含许可类信息咨询服务）；信息技术咨询服务；业务培训（不含教育培训、职业技能培训等需取得许可的培训）；计算机及办公设备维修；广告制作；广告发布；广告设计、代理；摄像及视频制作服务；摄影扩印服务；专业设计服务；市场营销策划；会议及展览服务；互联网销售（除销售需要许可的商品）；食品销售（仅销售预包装食品）；食品互联网销售（仅销售预包装食品）；货物进出口；技术进出口。（除依法须经批准的项目外，凭营业执照依法自主开展经营活动）许可项目：出版物批发；出版物互联网销售。（依法须经批准的项目，经相关部门批准后方可开展经营活动，具体经营项目以相关部门批准文件或许可证件为准）",
  "上市信息->证券信息": null,
  "工商信息->工商信息->企业名称": "四川长虹佳华哆啦有货电子商务有限公司",
  "工商信息->工商信息->登记机关": "绵阳市涪城区市场监督管理局",
  "法律诉讼->限制出境": "",
  "经营风险->担保风险": ""
}