{
  "工商信息->工商信息->经营范围": "建筑智能化工程的设计、施工，计算机软硬件及配件的开发、销售、维护；建筑智能化系统集成、安装、维护；公共安全技术防范系统的设计、安装及维护；建筑装饰装修工程施工；销售：通讯器材（不含无线电发射设备）、建辅建材、日用百货、服装、服饰、电子产品、机电设备、普通机械；消防设施工程设计及施工，机电设备安装工程维护；通信设备安装、维护；通信工程设计、施工及维护；计算机信息系统集成。（依法须经批准的项目，经相关部门批准后方可开展经营活动）。",
  "上市信息->证券信息": null,
  "工商信息->工商信息->企业名称": "四川省明厚天信息技术股份有限公司",
  "工商信息->工商信息->登记机关": "成都市市场监督管理局",
  "法律诉讼->限制出境": "",
  "经营风险->担保风险": ""
}