{
  "工商信息->工商信息->经营范围": "一般项目：技术服务、技术开发、技术咨询、技术交流、技术转让、技术推广；软件开发；数据处理服务；计算机系统服务；集成电路芯片设计及服务；广告制作；广告设计、代理；会议及展览服务；信息咨询服务（不含许可类信息咨询服务）；社会经济咨询服务；互联网销售（除销售需要许可的商品）；电子专用设备销售；电子专用材料销售；集成电路芯片及产品销售；集成电路销售；半导体器件专用设备销售；化工产品销售（不含许可类化工产品）；电子产品销售；电力电子元器件销售；光通信设备销售；移动通信设备销售；电子测量仪器销售；光电子器件销售；办公设备耗材销售；半导体分立器件销售；日用品销售；针纺织品及原料销售；金属矿石销售；非金属矿及制品销售；智能机器人销售；工业机器人销售；服务消费机器人销售；玩具销售；橡胶制品销售；高品质合成橡胶销售；塑料制品销售；金属材料销售；木炭、薪柴销售；煤炭及制品销售；电子元器件批发；金属制品销售；电池销售；电池零配件销售；照明器具销售；稀土功能材料销售；金银制品销售；纸制品销售；制浆和造纸专用设备销售；办公用品销售；汽车装饰用品销售；汽车零配件批发；充电桩销售；计算机软硬件及辅助设备批发；技术进出口；货物进出口；进出口代理；普通货物仓储服务（不含危险化学品等需许可审批的项目）；（以上不含投资咨询）(除依法须经批准的项目外，凭营业执照依法自主开展经营活动)。许可项目：第二类增值电信业务(依法须经批准的项目，经相关部门批准后方可开展经营活动，具体经营项目以审批结果为准)。",
  "上市信息->证券信息": null,
  "工商信息->工商信息->企业名称": "宁波芯多多科技有限公司",
  "工商信息->工商信息->登记机关": "宁波市江北区市场监督管理局",
  "法律诉讼->限制出境": "",
  "经营风险->担保风险": ""
}