{
  "工商信息->工商信息->经营范围": "一般项目：建筑材料销售；供应链管理服务；建筑用钢筋产品销售；建筑防水卷材产品销售；五金产品批发；建筑工程机械与设备租赁；高品质特种钢铁材料销售；轨道交通专用设备、关键系统及部件销售；轨道交通工程机械及部件销售；隧道施工专用机械销售；电线、电缆经营；金属结构销售；建筑用金属配件销售；搪瓷制品销售；水泥制品销售；建筑装饰材料销售；劳动保护用品销售；金属丝绳及其制品销售；照明器具销售；木材销售；特种设备销售；特种设备出租；有色金属合金销售；金属材料销售；非电力家用器具销售；金属门窗工程施工；家具销售；家具安装和维修服务；家用电器销售；家用电器安装服务；金属矿石销售；铁路运输基础设备销售；制冷、空调设备销售；计算机软硬件及辅助设备批发；云计算设备销售；网络设备销售；工业自动控制系统装置销售；数字视频监控系统销售；机械电气设备销售；消防器材销售；安防设备销售；高性能纤维及复合材料销售；普通货物仓储服务（不含危险化学品等需许可审批的项目）；货物进出口；技术进出口；室内木门窗安装服务；电池销售；通用设备修理；专用设备修理；煤炭及制品销售；光伏设备及元器件销售；太阳能热利用装备销售；太阳能热发电装备销售；租赁服务（不含许可类租赁服务）；航空国际货物运输代理；海上国际货物运输代理；陆路国际货物运输代理；进出口代理；装卸搬运；农副产品销售(除依法须经批准的项目外，凭营业执照依法自主开展经营活动)。",
  "上市信息->证券信息": null,
  "工商信息->工商信息->企业名称": "宁波市轨道永盈贸易发展有限公司",
  "工商信息->工商信息->登记机关": "宁波市市场监督管理局高新技术产业开发区分局",
  "法律诉讼->限制出境": "",
  "经营风险->担保风险": ""
}