{
  "工商信息->工商信息->经营范围": "一般项目：互联网销售（除销售需要许可的商品）；计算机软硬件及辅助设备零售；计算机软硬件及辅助设备批发；信息系统集成服务；文具用品零售；体育用品及器材零售；办公用品销售；文具用品批发；体育用品及器材批发；办公设备销售；计算机及办公设备维修；办公设备耗材销售；办公设备租赁服务；非居住房地产租赁；家用电器销售；制冷、空调设备销售；通讯设备销售；通讯设备修理；广播影视设备销售；计算机及通讯设备租赁；软件销售；电器辅件销售；广播电视传输设备销售；移动终端设备销售；移动通信设备销售；玩具、动漫及游艺用品销售；非电力家用器具销售；家用视听设备销售；照明器具销售；信息安全设备销售；信息技术咨询服务；日用品批发；日用品销售；日用杂品销售；厨具卫具及日用杂品零售；日用产品修理；日用化学产品销售；计算器设备销售；货币专用设备销售；卫生洁具销售；个人卫生用品销售；卫生用品和一次性使用医疗用品销售；日用电器修理；可穿戴智能设备销售；智能家庭消费设备销售；纸制品销售；消防器材销售；照相器材及望远镜零售；医用口罩零售；照相机及器材销售；网络设备销售；日用口罩（非医用）销售；医用口罩批发；日用木制品销售；日用百货销售；光通信设备销售；母婴用品销售；户外用品销售；家具销售；家具安装和维修服务；仪器仪表销售；消毒剂销售（不含危险化学品）；林业产品销售；电子产品销售；安防设备销售；箱包销售；电池销售；劳动保护用品销售；灯具销售；幻灯及投影设备销售；通信设备销售；金属矿石销售；教学专用仪器销售；教学用模型及教具销售；复印和胶印设备销售；办公服务；特种设备销售；家居用品销售；家用电器安装服务；电子元器件批发；珠宝首饰零售；珠宝首饰批发；农副产品销售；五金产品零售；助动自行车、代步车及零配件销售；化妆品批发；化妆品零售；食用农产品零售；医护人员防护用品零售；新鲜水果零售；塑料制品销售；第二类医疗器械销售；信息咨询服务（不含许可类信息咨询服务）；广告制作；广告发布；广告设计、代理；食品互联网销售（仅销售预包装食品）；保健食品（预包装）销售；婴幼儿配方乳粉及其他婴幼儿配方食品销售；电子专用设备销售；金银制品销售；食品销售（仅销售预包装食品，不含酒）。（除依法须经批准的项目外，凭营业执照依法自主开展经营活动）许可项目：食品互联网销售；第三类医疗器械经营；互联网信息服务；第二类增值电信业务；在线数据处理与交易处理业务（经营类电子商务）。（依法须经批准的项目，经相关部门批准后方可开展经营活动，具体经营项目以相关部门批准文件或许可证件为准）",
  "上市信息->证券信息": null,
  "工商信息->工商信息->企业名称": "厦门万翔网络商务有限公司",
  "工商信息->工商信息->登记机关": "厦门市市场监督管理局",
  "法律诉讼->限制出境": "",
  "经营风险->担保风险": ""
}