{
  "工商信息->工商信息->经营范围": "一般项目：电子元器件与机电组件设备销售；计算机软硬件及辅助设备批发；计算机软硬件及辅助设备零售；通讯设备销售；广播影视设备销售；五金产品批发；电气设备销售；国内贸易代理；办公设备耗材销售；建筑材料销售；专用化学产品销售（不含危险化学品）；软件开发；信息系统集成服务；信息技术咨询服务；数据处理和存储支持服务；集成电路设计；物联网应用服务；计算机及通讯设备租赁；工程管理服务；工程和技术研究和试验发展；工艺美术品及收藏品批发（象牙及其制品除外）。（除依法须经批准的项目外，凭营业执照依法自主开展经营活动）许可项目：在线数据处理与交易处理业务（经营类电子商务）。（依法须经批准的项目，经相关部门批准后方可开展经营活动，具体经营项目以相关部门批准文件或许可证件为准）。",
  "上市信息->证券信息": null,
  "工商信息->工商信息->企业名称": "厦门恒瀚电子有限公司",
  "工商信息->工商信息->登记机关": "厦门市思明区市场监督管理局",
  "法律诉讼->限制出境": "",
  "经营风险->担保风险": ""
}