{
  "工商信息->工商信息->经营范围": "信息系统集成服务（凭资质经营）；软件开发；数据处理（数据处理中的银行卡中心、PUE值在1.5以上的云计算数据中心除外）和存储服务；广告业；会议及展览服务；电子产品、网络设备、通讯产品、计算机软件及辅助设备、配件及耗材的销售及售后服务；服装、日用百货、办公用品、五金机电、机械设备、体育器材的销售；",
  "上市信息->证券信息": null,
  "工商信息->工商信息->企业名称": "内蒙古贯宏燊达科技有限公司",
  "工商信息->工商信息->登记机关": "呼和浩特市新城区行政审批和政务服务局",
  "法律诉讼->限制出境": "",
  "经营风险->担保风险": ""
}