{
  "工商信息->工商信息->经营范围": "一般项目：软件开发；软件销售；计算机软硬件及辅助设备批发；电子产品销售；办公设备耗材销售；办公设备销售；信息系统集成服务；平面设计；数字视频监控系统销售；家用电器零配件销售；通讯设备销售；电工仪器仪表销售；家用电器销售；家具销售；日用百货销售；文具用品零售；集成电路芯片设计及服务(除依法须经批准的项目外，凭营业执照依法自主开展经营活动)。许可项目：建筑劳务分包；建设工程施工；建筑智能化系统设计(依法须经批准的项目，经相关部门批准后方可开展经营活动，具体经营项目以审批结果为准)。",
  "上市信息->证券信息": null,
  "工商信息->工商信息->企业名称": "启帆信息科技股份有限公司",
  "工商信息->工商信息->登记机关": "金华市市场监督管理局",
  "法律诉讼->限制出境": "",
  "经营风险->担保风险": ""
}