{
  "工商信息->工商信息->经营范围": "电子产品研发、销售、技术服务；计算机软硬件销售、技术开发、技术咨询、技术服务、技术转让；金属材料、建筑材料、服装、安防设备销售；室内外装璜；建筑工程；文化艺术交流活动组织、策划；物业管理；健康信息咨询。（依法须经批准的项目，经相关部门批准后方可开展经营活动）许可项目：餐饮服务（依法须经批准的项目，经相关部门批准后方可开展经营活动，具体经营项目以审批结果为准）",
  "上市信息->证券信息": null,
  "工商信息->工商信息->企业名称": "南京曦禹鸿电子科技有限公司",
  "工商信息->工商信息->登记机关": "南京市秦淮区政务服务管理办公室",
  "法律诉讼->限制出境": "",
  "经营风险->担保风险": ""
}