{
  "工商信息->工商信息->经营范围": "一般项目：液压动力机械及元件制造；农业机械制造；通用设备制造（不含特种设备制造）；通用零部件制造；机械设备研发；技术服务、技术开发、技术咨询、技术交流、技术转让、技术推广；智能车载设备制造；信息技术咨询服务；软件开发；智能控制系统集成；金属工具销售；信息系统集成服务。（除依法须经批准的项目外，凭营业执照依法自主开展经营活动）",
  "上市信息->证券信息": null,
  "工商信息->工商信息->企业名称": "博鼎精工智能科技（山东）有限公司",
  "工商信息->工商信息->登记机关": "潍坊市坊子区市场监督管理局",
  "法律诉讼->限制出境": "",
  "经营风险->担保风险": ""
}