{
  "工商信息->工商信息->经营范围": "计算机软硬件及通信电子产品（不含广播、电视、卫星地面接收设施）的生产、研发、系统集成、销售、施工及技术服务、技术转让、技术咨询；数据处理服务；社会公共安全专用设备的生产、研发及销售。（依法须经批准的项目，经相关部门批准后方可开展经营活动）",
  "上市信息->证券信息": null,
  "工商信息->工商信息->企业名称": "南京烽火天地通信科技有限公司",
  "工商信息->工商信息->登记机关": "南京市江宁区政务服务管理办公室",
  "法律诉讼->限制出境": "",
  "经营风险->担保风险": ""
}