{
  "工商信息->工商信息->经营范围": "一般项目：计算机软硬件及辅助设备零售；办公用品销售；照相器材及望远镜零售；体育用品及器材零售；电线、电缆经营；五金产品零售；配电开关控制设备销售；制冷、空调设备销售；家用电器销售；家用电器零配件销售；电子产品销售；金属材料销售；汽车零配件批发；摄影扩印服务；软件销售；科技推广和应用服务；机械设备销售（除依法须经批准的项目外，凭营业执照依法自主开展经营活动）",
  "上市信息->证券信息": null,
  "工商信息->工商信息->企业名称": "南京玄信洁电子科技有限公司",
  "工商信息->工商信息->登记机关": "南京市六合区市场监督管理局",
  "法律诉讼->限制出境": "",
  "经营风险->担保风险": ""
}