{
  "工商信息->工商信息->经营范围": "许可项目：计算机信息系统安全专用产品销售（依法须经批准的项目，经相关部门批准后方可开展经营活动，具体经营项目以审批结果为准）一般项目：软件开发；技术服务、技术开发、技术咨询、技术交流、技术转让、技术推广；电子产品销售；计算机及通讯设备租赁；软件销售；文具用品零售；机械设备销售；化工产品销售（不含许可类化工产品）；日用百货销售；工艺美术品及礼仪用品销售（象牙及其制品除外）；通讯设备销售；仪器仪表销售；电子元器件零售；通信设备销售；会议及展览服务；组织文化艺术交流活动；信息咨询服务（不含许可类信息咨询服务）；计算机系统服务；广告设计、代理；广告制作；广告发布；图文设计制作；工业工程设计服务；劳务服务（不含劳务派遣）；网络技术服务；信息系统集成服务；人工智能行业应用系统集成服务；计算机软硬件及辅助设备零售；5G通信技术服务；办公用品销售；电子专用设备销售；第二类医疗器械销售（除依法须经批准的项目外，凭营业执照依法自主开展经营活动）",
  "上市信息->证券信息": null,
  "工商信息->工商信息->企业名称": "南京百脑汇科技有限公司",
  "工商信息->工商信息->登记机关": "南京市鼓楼区政务服务管理办公室",
  "法律诉讼->限制出境": "",
  "经营风险->担保风险": ""
}