{
  "工商信息->工商信息->经营范围": "技术咨询、技术服务、技术转让、技术开发；产品设计；专业承包；施工总承包；软件开发；计算机系统服务；轨道交通通信信号系统集成服务；货物进出口；技术进出口；销售机械设备、金属材料（不含电石、铁合金）、橡胶制品、塑料制品、计算机软件及辅助设备（不含计算机信息系统安全专用产品）、电子产品、仪器仪表、交通设施、社会公共安全设备、模具、通讯设备、消防器材；机械设备租赁；建筑工程机械设备租赁；城市轨道交通设备制造；社会公共安全设备及器材制造；工业自动控制系统制造；铁路专用设备制造；物联网技术服务；大数据应用与服务；工程勘察；工程设计。（市场主体依法自主选择经营项目，开展经营活动；工程勘察；工程设计以及依法须经批准的项目，经相关部门批准后依批准的内容开展经营活动；不得从事国家和本市产业政策禁止和限制类项目的经营活动。）",
  "上市信息->证券信息": null,
  "工商信息->工商信息->企业名称": "北京城建智控科技股份有限公司",
  "工商信息->工商信息->登记机关": "北京市顺义区市场监督管理局",
  "法律诉讼->限制出境": "",
  "经营风险->担保风险": ""
}