{
  "工商信息->工商信息->经营范围": "一般项目：技术服务、技术开发、技术咨询、技术交流、技术转让、技术推广；新材料技术研发；化妆品批发；化妆品零售；卫生用品和一次性使用医疗用品销售；个人卫生用品销售；互联网销售（除销售需要许可的商品）；日用杂品制造；日用杂品销售；日用化工专用设备制造；日用化学产品制造；日用化学产品销售；专用化学产品销售（不含危险化学品）；专用化学产品制造（不含危险化学品）；国内贸易代理；化工产品生产（不含许可类化工产品）；基础化学原料制造（不含危险化学品等许可类化学品的制造）；软件开发；人工智能基础软件开发；人工智能应用软件开发；网络与信息安全软件开发；计算机软硬件及辅助设备批发；信息系统集成服务；计算机软硬件及辅助设备零售；计算机系统服务；工业控制计算机及系统制造；会议及展览服务；票务代理服务；劳务服务（不含劳务派遣）；计算机及办公设备维修；专业设计服务；包装服务；地理遥感信息服务；玩具销售；工业控制计算机及系统销售；软件销售；软件外包服务；数字文化创意软件开发；文化用品设备出租；文具制造；体育用品及器材批发；体育用品及器材零售；文具用品批发；文具用品零售；办公用品销售；日用百货销售；日用品销售；家用电器销售；家用电器安装服务；家用电器研发；家用电器制造；技术进出口；货物进出口；日用口罩（非医用）销售；珠宝首饰零售；珠宝首饰批发；珠宝首饰回收修理服务；珠宝首饰制造；金银制品销售；新鲜水果零售；有色金属合金制造；有色金属合金销售；高性能有色金属及合金材料销售；金属链条及其他金属制品销售；金属工具销售；金属材料销售；金属矿石销售；金属制品销售；金属制品研发。（除依法须经批准的项目外，凭营业执照依法自主开展经营活动）（不得从事国家和本市产业政策禁止和限制类项目的经营活动。）",
  "上市信息->证券信息": null,
  "工商信息->工商信息->企业名称": "北京优信新星科技有限公司",
  "工商信息->工商信息->登记机关": "北京市密云区市场监督管理局",
  "法律诉讼->限制出境": "",
  "经营风险->担保风险": ""
}