{
  "工商信息->工商信息->经营范围": "技术开发、技术服务、技术咨询（中介除外）、技术转让；计算机软件设计、开发；计算机技术培训；设计、制作、代理、发布广告；销售电子计算机软硬件及外围设备、仪器仪表、通讯设备（卫星接收设备除外）、电子产品、电气设备、建筑设备、建筑材料、办公设备、工艺美术品、日用杂品、服装鞋帽、汽车配件、五金交电、装饰材料、监控设备、钢材、电线电缆。(企业依法自主选择经营项目，开展经营活动；依法须经批准的项目，经相关部门批准后依批准的内容开展经营活动；不得从事本市产业政策禁止和限制类项目的经营活动。)",
  "上市信息->证券信息": null,
  "工商信息->工商信息->企业名称": "北京子杉伟业科技有限公司",
  "工商信息->工商信息->登记机关": "北京市工商行政管理局房山分局",
  "法律诉讼->限制出境": "",
  "经营风险->担保风险": ""
}