{
  "工商信息->工商信息->经营范围": "技术开发；技术咨询；技术转让；技术推广；技术服务；基础软件服务；应用软件服务；计算机系统服务；计算机系统集成；数据处理；维修计算机；销售计算机、安全技术防范产品、机械设备、软件及辅助设备、电子产品、通讯设备（卫星接收设备除外）、五金交电（不含电动自行车）、日用品、金属材料、文化用品（音像制品除外）、体育用品。（市场主体依法自主选择经营项目，开展经营活动；依法须经批准的项目，经相关部门批准后依批准的内容开展经营活动；不得从事国家和本市产业政策禁止和限制类项目的经营活动。）",
  "上市信息->证券信息": null,
  "工商信息->工商信息->企业名称": "北京中合中关科技有限公司",
  "工商信息->工商信息->登记机关": "北京市房山区市场监督管理局",
  "法律诉讼->限制出境": "",
  "经营风险->担保风险": ""
}