{
  "工商信息->工商信息->经营范围": "一般项目：技术服务、技术开发、技术咨询、技术交流、技术转让、技术推广；食用农产品零售；食用农产品批发；计算机软硬件及辅助设备零售；文具用品零售；机械设备销售；仪器仪表销售；金属制品销售；五金产品零售；化工产品销售（不含许可类化工产品）；日用品销售；日用百货销售；汽车零配件零售；摩托车及零配件零售；通讯设备销售；体育用品及器材零售；针纺织品及原料销售；针纺织品销售；服装服饰批发；服装服饰零售。（除依法须经批准的项目外，凭营业执照依法自主开展经营活动）（不得从事国家和本市产业政策禁止和限制类项目的经营活动。）",
  "上市信息->证券信息": null,
  "工商信息->工商信息->企业名称": "北京爱宽科技有限公司",
  "工商信息->工商信息->登记机关": "北京市平谷区市场监督管理局",
  "法律诉讼->限制出境": "",
  "经营风险->担保风险": ""
}