{
  "工商信息->工商信息->经营范围": "技术推广、技术服务；维修计算机、办公设备；计算机系统服务；计算机技术培训（不得面向全国招生）；应用软件服务；基础软件服务；会议服务；企业策划；企业管理咨询；销售计算机、软件及辅助设备、五金、交电、日用杂货、办公用文具、通讯设备、电子产品、仪器仪表。（企业依法自主选择经营项目，开展经营活动；依法须经批准的项目，经相关部门批准后依批准的内容开展经营活动；不得从事本市产业政策禁止和限制类项目的经营活动。）",
  "上市信息->证券信息": null,
  "工商信息->工商信息->企业名称": "北京嘉业冠恒科技有限公司",
  "工商信息->工商信息->登记机关": "北京市密云区市场监督管理局",
  "法律诉讼->限制出境": "",
  "经营风险->担保风险": ""
}