{
  "工商信息->工商信息->经营范围": "技术开发、技术转让、技术咨询、技术服务；计算机系统服务；销售计算机及辅助设备、电子产品、化工产品（不含危险化学品及一类易制毒化学品）、机械设备、日用杂货、五金交电（不从事实体店铺经营、不含电动自行车)、通讯设备、仪器仪表。（企业依法自主选择经营项目，开展经营活动；依法须经批准的项目，经相关部门批准后依批准的内容开展经营活动；不得从事本市产业政策禁止和限制类项目的经营活动。）",
  "上市信息->证券信息": null,
  "工商信息->工商信息->企业名称": "北京旭日晨升科技有限公司",
  "工商信息->工商信息->登记机关": "北京市海淀区市场监督管理局",
  "法律诉讼->限制出境": "",
  "经营风险->担保风险": ""
}