{
  "工商信息->工商信息->经营范围": "技术开发、技术转让、技术咨询、技术服务；企业管理咨询；企业策划、设计；教育咨询（中介服务除外）；文化咨询；会议服务；承办展览展示活动；摄影扩印服务；婚姻服务（不含涉外婚姻介绍）；产品设计；模型设计；服装设计；电脑动画设计；销售汽车、照相器材、文化用品、体育用品、首饰、工艺品、电子产品、计算机、软件及辅助设备、通讯设备、五金交电；货物进出口、技术进出口。(企业依法自主选择经营项目，开展经营活动；依法须经批准的项目，经相关部门批准后依批准的内容开展经营活动；不得从事本市产业政策禁止和限制类项目的经营活动。)",
  "上市信息->证券信息": null,
  "工商信息->工商信息->企业名称": "北京嘉联万创科技有限公司",
  "工商信息->工商信息->登记机关": "北京市海淀区市场监督管理局",
  "法律诉讼->限制出境": "",
  "经营风险->担保风险": ""
}