{
  "工商信息->工商信息->经营范围": "技术开发、技术咨询、技术交流、技术转让、技术推广、技术服务；软件服务；软件开发；基础软件服务；应用软件服务；计算机系统服务；计算机维修；维修手机；产品设计；模型设计；舞台美工、服装道具、灯光音响；机械设备租赁（不含汽车租赁）；工程管理服务；出租办公用房；销售计算机、软件及辅助设备、新型元器件、金属制品、五金交电、建筑材料、通讯设备、电气设备、照相器材、电子产品、文化用品、服装、针纺织品、家用电器、体育用品、日用品、家具、安全技术防范用品；设计、制作、代理、发布广告；建设工程勘察；建设工程设计；建筑劳务分包。（市场主体依法自主选择经营项目，开展经营活动；建设工程勘察、建设工程设计、建筑劳务分包以及依法须经批准的项目，经相关部门批准后依批准的内容开展经营活动；不得从事国家和本市产业政策禁止和限制类项目的经营活动。）",
  "上市信息->证券信息": null,
  "工商信息->工商信息->企业名称": "北京凌创汇晟科技有限公司",
  "工商信息->工商信息->登记机关": "北京市海淀区市场监督管理局",
  "法律诉讼->限制出境": "",
  "经营风险->担保风险": ""
}