{
  "工商信息->工商信息->经营范围": "一般项目：技术服务、技术开发、技术咨询、技术交流、技术转让、技术推广；工业控制计算机及系统销售；工业控制计算机及系统制造；计算机软硬件及外围设备制造；信息系统集成服务；计算机系统服务；工业互联网数据服务；计算机及通讯设备租赁；计算机软硬件及辅助设备批发；计算机软硬件及辅助设备零售；信息咨询服务（不含许可类信息咨询服务）；软件开发；货物进出口；光伏设备及元器件销售；太阳能发电技术服务；新能源原动设备销售。（除依法须经批准的项目外，凭营业执照依法自主开展经营活动）许可项目：第一类增值电信业务；第二类增值电信业务；互联网信息服务；计算机信息系统安全专用产品销售。（依法须经批准的项目，经相关部门批准后方可开展经营活动，具体经营项目以相关部门批准文件或许可证件为准）（不得从事国家和本市产业政策禁止和限制类项目的经营活动。）",
  "上市信息->证券信息": null,
  "工商信息->工商信息->企业名称": "北京科能腾达信息技术股份有限公司",
  "工商信息->工商信息->登记机关": "北京市朝阳区市场监督管理局",
  "法律诉讼->限制出境": "",
  "经营风险->担保风险": ""
}