{
  "工商信息->工商信息->经营范围": "技术推广、技术服务、技术咨询；计算机系统服务；软件开发；销售自行开发后的产品、医疗器械I、II类、电子产品、计算机、软件及辅助设备；销售第三类医疗器械。（企业依法自主选择经营项目，开展经营活动；销售第三类医疗器械以及依法须经批准的项目，经相关部门批准后依批准的内容开展经营活动；不得从事本市产业政策禁止和限制类项目的经营活动。）",
  "上市信息->证券信息": null,
  "工商信息->工商信息->企业名称": "北京利拓信通科技有限公司",
  "工商信息->工商信息->登记机关": "北京市海淀区市场监督管理局",
  "法律诉讼->限制出境": "",
  "经营风险->担保风险": ""
}