{
  "工商信息->工商信息->经营范围": "技术开发、技术转让、技术服务、技术咨询（中介除外）；经济信息咨询；销售电子产品、机械设备、计算机软硬件及辅助设备、办公用品。（企业依法自主选择经营项目，开展经营活动；依法须经批准的项目，经相关部门批准后依批准的内容开展经营活动；不得从事本市产业政策禁止和限制类项目的经营活动。）",
  "上市信息->证券信息": null,
  "工商信息->工商信息->企业名称": "北京中州华信科技有限公司",
  "工商信息->工商信息->登记机关": "北京市房山区市场监督管理局",
  "法律诉讼->限制出境": "",
  "经营风险->担保风险": ""
}