{
  "工商信息->工商信息->经营范围": "销售计算机及外围设备、家用电器、电子产品、通讯设备；租赁电子产品；计算机维修；通讯设备维修；技术开发、技术转让、技术咨询。（市场主体依法自主选择经营项目，开展经营活动；依法须经批准的项目，经相关部门批准后依批准的内容开展经营活动；不得从事国家和本市产业政策禁止和限制类项目的经营活动。）",
  "上市信息->证券信息": null,
  "工商信息->工商信息->企业名称": "北京亿路通航科贸有限公司",
  "工商信息->工商信息->登记机关": "北京市海淀区市场监督管理局",
  "法律诉讼->限制出境": "",
  "经营风险->担保风险": ""
}