{
  "工商信息->工商信息->经营范围": "一般项目：技术服务、技术开发、技术咨询、技术交流、技术转让、技术推广；信息系统集成服务；信息系统运行维护服务；计算机系统服务；信息技术咨询服务；软件开发；数据处理服务；计算机及办公设备维修；计算机软硬件及辅助设备零售；电子产品销售；办公用品销售；文具用品零售；日用百货销售；玩具销售；金属制品销售；体育用品及器材零售；五金产品零售；机械电气设备销售；办公设备销售；建筑材料销售；工艺美术品及收藏品零售（象牙及其制品除外）；服装辅料销售；服装服饰零售；安全技术防范系统设计施工服务；文艺创作；组织文化艺术交流活动；会议及展览服务；摄影扩印服务；市场调查（不含涉外调查）；企业形象策划；企业管理咨询；广告设计、代理；广告制作；工业控制计算机及系统销售；家政服务；专业设计服务；市场营销策划；礼仪服务；广告发布；货物进出口；技术进出口；进出口代理；日用品销售；工艺美术品及收藏品批发（象牙及其制品除外）；珠宝首饰批发；珠宝首饰零售；文具用品批发；服装服饰批发；针纺织品销售；鞋帽零售；鞋帽批发；箱包销售；家用电器销售；化妆品批发；化妆品零售；金属工具销售；电气设备销售；电子元器件批发；电子元器件零售；化工产品销售（不含许可类化工产品）；机械设备销售；智能仪器仪表销售；音响设备销售；家具销售；通讯设备销售；日用品批发；照相机及器材销售；体育用品及器材批发；第一类医疗器械销售；第二类医疗器械销售；计算机软硬件及辅助设备批发；安防设备销售；非居住房地产租赁；对外承包工程；数字技术服务；人工智能公共数据平台；人工智能行业应用系统集成服务；大数据服务；物联网应用服务；互联网数据服务；网络与信息安全软件开发。（除依法须经批准的项目外，凭营业执照依法自主开展经营活动）许可项目：食品销售；互联网信息服务；第三类医疗器械经营；第一类增值电信业务；第二类增值电信业务。（依法须经批准的项目，经相关部门批准后方可开展经营活动，具体经营项目以相关部门批准文件或许可证件为准）（不得从事国家和本市产业政策禁止和限制类项目的经营活动。）",
  "上市信息->证券信息": null,
  "工商信息->工商信息->企业名称": "北京伟业泽城云计算有限公司",
  "工商信息->工商信息->登记机关": "北京市密云区市场监督管理局",
  "法律诉讼->限制出境": "",
  "经营风险->担保风险": ""
}