{
  "工商信息->工商信息->经营范围": "一般项目：技术服务、技术开发、技术咨询、技术交流、技术转让、技术推广；移动通信设备销售；计算机软硬件及辅助设备批发；酒店管理；专业设计服务；广告设计、代理；会议及展览服务；办公设备销售；电子元器件批发；五金产品批发；食品销售（仅销售预包装食品）。（除依法须经批准的项目外，凭营业执照依法自主开展经营活动）（不得从事国家和本市产业政策禁止和限制类项目的经营活动。）",
  "上市信息->证券信息": null,
  "工商信息->工商信息->企业名称": "北京鑫天齐科技有限公司",
  "工商信息->工商信息->登记机关": "北京市平谷区市场监督管理局",
  "法律诉讼->限制出境": "",
  "经营风险->担保风险": ""
}