{
  "工商信息->工商信息->经营范围": "一般项目：文具用品批发；文具用品零售；家用电器零配件销售；家用电器销售；日用家电零售；家用电器安装服务；家用视听设备销售；电子产品销售；通讯设备销售；照相机及器材销售；照相器材及望远镜批发；照相器材及望远镜零售；体育用品及器材零售；体育用品及器材批发；软件销售；有色金属合金销售；金属制品销售；建筑材料销售；五金产品批发；电子元器件批发；技术服务、技术开发、技术咨询、技术交流、技术转让、技术推广；化工产品销售（不含许可类化工产品）；母婴用品销售；日用品销售；化妆品批发；个人卫生用品销售；厨具卫具及日用杂品批发；纸制品销售；服装服饰批发；鞋帽批发；针纺织品销售；第一类医疗器械销售；社会经济咨询服务；信息咨询服务（不含许可类信息咨询服务）；会议及展览服务；广告制作；广告设计、代理；广告发布；货物进出口；技术进出口；进出口代理；煤炭销售（不在北京地区开展实物煤的交易、储运活动）。（除依法须经批准的项目外，凭营业执照依法自主开展经营活动）许可项目：食品销售；互联网信息服务。（依法须经批准的项目，经相关部门批准后方可开展经营活动，具体经营项目以相关部门批准文件或许可证件为准）（不得从事国家和本市产业政策禁止和限制类项目的经营活动。）",
  "上市信息->证券信息": null,
  "工商信息->工商信息->企业名称": "北京致渊忠联实业有限公司",
  "工商信息->工商信息->登记机关": "北京市房山区市场监督管理局",
  "法律诉讼->限制出境": "",
  "经营风险->担保风险": ""
}