{
  "工商信息->工商信息->经营范围": "一般项目：技术服务、技术开发、技术咨询、技术交流、技术转让、技术推广；劳务服务（不含劳务派遣）；包装服务；信息咨询服务（不含许可类信息咨询服务）；会议及展览服务；机械设备销售；服装服饰批发；服装服饰零售；五金产品批发；五金产品零售；专业设计服务；日用品销售；化工产品销售（不含许可类化工产品）；文具用品批发；办公用品销售；文具用品零售；针纺织品销售；计算机软硬件及辅助设备批发；计算机软硬件及辅助设备零售；计算机系统服务；消防器材销售；安防设备销售；货物进出口；技术进出口；进出口代理；信息技术咨询服务；信息系统集成服务；软件开发；数据处理和存储支持服务；机械设备研发；电子专用材料销售；电子专用材料研发。（除依法须经批准的项目外，凭营业执照依法自主开展经营活动）许可项目：建筑劳务分包；施工专业作业；建设工程施工。（依法须经批准的项目，经相关部门批准后方可开展经营活动，具体经营项目以相关部门批准文件或许可证件为准）（不得从事国家和本市产业政策禁止和限制类项目的经营活动。）",
  "上市信息->证券信息": null,
  "工商信息->工商信息->企业名称": "北京鼎新华微世纪科技有限公司",
  "工商信息->工商信息->登记机关": "北京市怀柔区市场监督管理局",
  "法律诉讼->限制出境": "",
  "经营风险->担保风险": ""
}