{
  "工商信息->工商信息->经营范围": "一般项目：计算机软硬件及辅助设备批发；计算机软硬件及辅助设备零售；电子产品销售；家用电器销售；第二类医疗器械销售；技术服务、技术开发、技术咨询、技术交流、技术转让、技术推广；食用农产品零售；食用农产品批发。（除依法须经批准的项目外，凭营业执照依法自主开展经营活动）许可项目：互联网信息服务；出版物批发；出版物零售。（依法须经批准的项目，经相关部门批准后方可开展经营活动，具体经营项目以相关部门批准文件或许可证件为准）（不得从事国家和本市产业政策禁止和限制类项目的经营活动。）",
  "上市信息->证券信息": null,
  "工商信息->工商信息->企业名称": "北京神州数码供应链服务有限公司",
  "工商信息->工商信息->登记机关": "北京市海淀区市场监督管理局",
  "法律诉讼->限制出境": "",
  "经营风险->担保风险": ""
}