{
  "工商信息->工商信息->经营范围": "技术开发、转让、咨询、服务、推广；软件开发；数据处理（禁止新建和扩建银行卡中心、数据中心；PUE值在1.5以下的云计算数据中心除外）；销售灯具、电子产品、机械电器设备、五金交电、体育用品、通讯设备、日用品、化工产品（除化学危险品及一类易制毒化学品）、文化用品、计算机、软件及辅助设备、钢材、橡胶制品、矿产品、化妆品、珠宝首饰、服装鞋帽、建筑材料；基础软件服务；组织文化艺术交流活动（演出除外）；计算机技术培训；计算机系统服务；维修家用电器；打字复印服务；图文设计、制作；会议服务；仓储服务（危险化学品及成品油除外）；摄影服务；企业形象策划；市场调查；租赁机械设备、通讯设备、计算机及辅助设备；施工总承包；劳务分包；专业承包。（企业依法自主选择经营项目，开展经营活动；依法须经批准的项目，经相关部门批准后依批准的内容开展经营活动；不得从事本市产业政策禁止和限制类项目的经营活动。）",
  "上市信息->证券信息": null,
  "工商信息->工商信息->企业名称": "北京英创兴业科技有限公司",
  "工商信息->工商信息->登记机关": "北京市门头沟区市场监督管理局",
  "法律诉讼->限制出境": "",
  "经营风险->担保风险": ""
}