{
  "工商信息->工商信息->经营范围": "一般项目：信息系统集成服务；技术服务、技术开发、技术咨询、技术交流、技术转让、技术推广；计算机软硬件及辅助设备批发；工业控制计算机及系统销售；人工智能应用软件开发；数据处理服务；信息咨询服务（不含许可类信息咨询服务）；计算机软硬件及辅助设备零售。（除依法须经批准的项目外，凭营业执照依法自主开展经营活动）（不得从事国家和本市产业政策禁止和限制类项目的经营活动。）",
  "上市信息->证券信息": null,
  "工商信息->工商信息->企业名称": "北京鼎艺创新系统集成服务有限公司",
  "工商信息->工商信息->登记机关": "北京市海淀区市场监督管理局",
  "法律诉讼->限制出境": "",
  "经营风险->担保风险": ""
}