{
  "工商信息->工商信息->经营范围": "技术开发、技术咨询、技术服务、技术转让；云计算中心（限PUE值在1.4以下）；软件开发；销售电子产品、计算机、软件及辅助设备；计算机系统集成；组装计算机整机。（市场主体依法自主选择经营项目，开展经营活动；依法须经批准的项目，经相关部门批准后依批准的内容开展经营活动；不得从事国家和本市产业政策禁止和限制类项目的经营活动。）",
  "上市信息->证券信息": null,
  "工商信息->工商信息->企业名称": "北京创驰恒业科技有限公司",
  "工商信息->工商信息->登记机关": "北京市昌平区市场监督管理局",
  "法律诉讼->限制出境": "",
  "经营风险->担保风险": ""
}