{
  "工商信息->工商信息->经营范围": "技术开发、技术转让、技术咨询、技术服务；基础软件服务；应用软件服务；计算机系统服务；数据处理（数据处理中的银行卡中心、PUE值在1.5以上的云计算数据中心除外）；销售计算机、软件及辅助设备、电子产品、机械设备、通讯设备、文化用品、体育用品；人工智能软件服务；人工智能系统服务；办公设备租赁；互联网信息服务。（市场主体依法自主选择经营项目，开展经营活动；互联网信息服务以及依法须经批准的项目，经相关部门批准后依批准的内容开展经营活动；不得从事国家和本市产业政策禁止和限制类项目的经营活动。）",
  "上市信息->证券信息": null,
  "工商信息->工商信息->企业名称": "北京星链南天科技有限公司",
  "工商信息->工商信息->登记机关": "北京市海淀区市场监督管理局",
  "法律诉讼->限制出境": "",
  "经营风险->担保风险": ""
}