{
  "工商信息->工商信息->经营范围": "一般项目：技术服务、技术开发、技术咨询、技术交流、技术转让、技术推广；家用电器安装服务；互联网销售（除销售需要许可的商品）；日用杂品销售；消防器材销售；软件销售；新鲜水果零售；物联网设备销售；电气设备销售；办公设备耗材销售；家具销售；幻灯及投影设备销售；交通及公共管理用标牌销售；终端计量设备销售；机械设备销售；特种设备销售；网络设备销售；特种劳动防护用品销售；配电开关控制设备销售；环境保护专用设备销售；助动自行车、代步车及零配件销售；模具销售；智能仪器仪表销售；皮革制品销售；家用电器销售；合成纤维销售；橡胶制品销售；户外用品销售；复印和胶印设备销售；电容器及其配套设备销售；母婴用品销售；终端测试设备销售；光伏设备及元器件销售；润滑油销售；日用百货销售；玩具、动漫及游艺用品销售；照相机及器材销售；风动和电动工具销售；光纤销售；日用化学产品销售；电子元器件与机电组件设备销售；安防设备销售；包装材料及制品销售；第一类医疗器械销售；办公用品销售；农副产品销售；通讯设备销售；教学专用仪器销售；照明器具销售；仪器仪表销售；针纺织品销售；数字视频监控系统销售；卫生用品和一次性使用医疗用品销售；个人卫生用品销售；塑料制品销售；轴承、齿轮和传动部件销售；电工仪器仪表销售；制冷、空调设备销售；玻璃纤维及制品销售；化工产品销售（不含许可类化工产品）；包装专用设备销售；工业自动控制系统装置销售；信息安全设备销售；数控机床销售；金属制品销售；光学仪器销售；移动终端设备销售；电力电子元器件销售；办公设备销售；机械电气设备销售；礼品花卉销售；家居用品销售；电子产品销售；劳动保护用品销售；建筑材料销售；箱包销售；文具用品零售；会议及展览服务；金属工具销售；化妆品零售；租赁服务（不含许可类租赁服务）；食品添加剂销售；食品销售（仅销售预包装食品）；专用化学产品销售（不含危险化学品）；石油制品销售（不含危险化学品）；涂料销售（不含危险化学品）；五金产品零售；建筑装饰材料销售；计算机软硬件及辅助设备零售；计算机软硬件及辅助设备批发；计算机系统服务；体育用品及器材零售；服装服饰零售；鞋帽零售；日用品销售；畜牧渔业饲料销售；新鲜蔬菜零售；工艺美术品及礼仪用品销售（象牙及其制品除外）；成人情趣用品销售（不含药品、医疗器械）；智能车载设备销售；电动自行车销售；汽车装饰用品销售；货物进出口。（除依法须经批准的项目外，凭营业执照依法自主开展经营活动）（不得从事国家和本市产业政策禁止和限制类项目的经营活动。）",
  "上市信息->证券信息": null,
  "工商信息->工商信息->企业名称": "华驭云枢（北京）科技有限公司",
  "工商信息->工商信息->登记机关": "北京经济技术开发区市场监督管理局",
  "法律诉讼->限制出境": "",
  "经营风险->担保风险": ""
}