{
  "工商信息->工商信息->经营范围": "一般项目：技术服务、技术开发、技术咨询、技术交流、技术转让、技术推广；电子产品销售；家用电器销售；计算机软硬件及辅助设备零售；智能家庭消费设备销售；智能家庭消费设备制造；照明器具销售；电子元器件零售；汽车销售；新能源汽车整车销售；充电桩销售；个人卫生用品销售；日用品销售；工艺美术品及礼仪用品销售（象牙及其制品除外）；体育用品及器材零售；针纺织品销售；礼品花卉销售；日用百货销售；金银制品销售；第一类医疗器械销售；玩具销售；企业管理；国内货物运输代理；软件开发；数据处理服务；汽车零配件零售。（除依法须经批准的项目外，凭营业执照依法自主开展经营活动）（不得从事国家和本市产业政策禁止和限制类项目的经营活动。）",
  "上市信息->证券信息": null,
  "工商信息->工商信息->企业名称": "北京居然鑫启典科技有限公司",
  "工商信息->工商信息->登记机关": "北京市东城区市场监督管理局",
  "法律诉讼->限制出境": "",
  "经营风险->担保风险": ""
}