{
  "工商信息->工商信息->经营范围": "技术开发、技术转让、技术咨询、技术服务；销售计算机、软件及辅助设备、电子产品、首饰、工艺品、针纺织品、服装鞋帽、日用品、文化用品、体育用品；数据处理（数据处理中的银行卡中心、PUE值在1.5以上的云计算数据中心除外）；市场调查；经济贸易咨询；企业管理咨询；企业策划；公共关系服务；教育咨询；设计、制作、代理、发布广告；产品设计；包装装潢设计；工艺美术设计；电脑动画设计；翻译服务；会议服务；承办展览展示；组织文化艺术交流活动（不含营业性演出）；货物进出口、技术进出口、代理进出口。（市场主体依法自主选择经营项目，开展经营活动；依法须经批准的项目，经相关部门批准后依批准的内容开展经营活动；不得从事国家和本市产业政策禁止和限制类项目的经营活动。）",
  "上市信息->证券信息": null,
  "工商信息->工商信息->企业名称": "北京量子港科技有限公司",
  "工商信息->工商信息->登记机关": "北京市怀柔区市场监督管理局",
  "法律诉讼->限制出境": "",
  "经营风险->担保风险": ""
}