{
  "工商信息->工商信息->经营范围": "技术开发、技术转让、技术咨询、技术服务、技术推广、技术培训；电脑动画设计；计算机系统服务；数据处理；计算机维修；销售计算机、软件及辅助设备、电子产品、机械设备、通讯设备、五金交电、文化用品、体育用品、食用农产品、日用百货、针纺织品、服装鞋帽、工艺美术品、家用电器、厨房用具、安全技术防范产品、家具、建筑材料、金属材料、化工产品（不含危险化学品及一类易制毒化学品）、汽车零配件。（市场主体依法自主选择经营项目，开展经营活动；依法须经批准的项目，经相关部门批准后依批准的内容开展经营活动；不得从事国家和本市产业政策禁止和限制类项目的经营活动。）",
  "上市信息->证券信息": null,
  "工商信息->工商信息->企业名称": "北京思普兴业科技发展有限公司",
  "工商信息->工商信息->登记机关": "北京市海淀区市场监督管理局",
  "法律诉讼->限制出境": "",
  "经营风险->担保风险": ""
}