{
  "工商信息->工商信息->经营范围": "一般项目：技术服务、技术开发、技术咨询、技术交流、技术转让、技术推广；货物进出口；技术进出口；进出口代理；计算机系统服务；计算机及办公设备维修；机械设备销售；电子产品销售；计算机软硬件及辅助设备零售；通讯设备销售；计算机软硬件及外围设备制造；工业控制计算机及系统制造；云计算设备制造；第二类医疗器械销售。（除依法须经批准的项目外，凭营业执照依法自主开展经营活动）（不得从事国家和本市产业政策禁止和限制类项目的经营活动。）",
  "上市信息->证券信息": null,
  "工商信息->工商信息->企业名称": "北京景宏安信科技发展有限公司",
  "工商信息->工商信息->登记机关": "北京市昌平区市场监督管理局",
  "法律诉讼->限制出境": "",
  "经营风险->担保风险": ""
}