{
  "工商信息->工商信息->经营范围": "计算机系统服务；基础软件服务；应用软件服务；技术开发、技术服务、技术转让、技术咨询、技术推广；经济贸易咨询、企业管理咨询、企业策划、设计；电脑动画设计；销售文具用品、通讯设备、计算机、软件及辅助设备、电子产品。(企业依法自主选择经营项目，开展经营活动；依法须经批准的项目，经相关部门批准后依批准的内容开展经营活动；不得从事本市产业政策禁止和限制类项目的经营活动。)",
  "上市信息->证券信息": null,
  "工商信息->工商信息->企业名称": "北京宇辰伟业系统集成有限公司",
  "工商信息->工商信息->登记机关": "北京市海淀区市场监督管理局",
  "法律诉讼->限制出境": "",
  "经营风险->担保风险": ""
}