{
  "工商信息->工商信息->经营范围": "信息技术服务；销售机械设备、五金产品、家用电器、电子产品、针纺织品、服装、日用品、文化用品、体育用品、照相器材、家具、建筑材料、装饰材料；软件开发；集成电路设计；信息系统集成和物联网技术服务；运行维护服务；信息处理和存储支持服务；组织管理服务；供应链管理服务；会议服务；承办展览展示活动；安全保护服务；机械设备经营租赁；装卸搬运；普通货物仓储服务；道路货物运输（不含危险货物）。（市场主体依法自主选择经营项目，开展经营活动；依法须经批准的项目，经相关部门批准后依批准的内容开展经营活动；不得从事国家和本市产业政策禁止和限制类项目的经营活动。）",
  "上市信息->证券信息": null,
  "工商信息->工商信息->企业名称": "北京长虹佳华信息科技有限公司",
  "工商信息->工商信息->登记机关": "北京市丰台区市场监督管理局",
  "法律诉讼->限制出境": "",
  "经营风险->担保风险": ""
}