{
  "工商信息->工商信息->经营范围": "技术开发、技术咨询、技术服务、技术转让；销售通讯设备、计算机、软件及辅助设备、电子产品；企业管理咨询；企业策划；经济贸易咨询；货物进出口、技术进出口、代理进出口；会议服务；应用软件服务（不含医用软件）；软件开发；计算机系统服务；数据处理；产品设计；基础软件服务；物业管理；销售箱包、文具用品、日用品、化妆品、体育用品、照相器材、计算机、软件及辅助设备、玩具、医疗器械I类、II类。（市场主体依法自主选择经营项目，开展经营活动；依法须经批准的项目，经相关部门批准后依批准的内容开展经营活动；不得从事国家和本市产业政策禁止和限制类项目的经营活动。）",
  "上市信息->证券信息": null,
  "工商信息->工商信息->企业名称": "北京路禾科技有限公司",
  "工商信息->工商信息->登记机关": "北京市朝阳区市场监督管理局",
  "法律诉讼->限制出境": "",
  "经营风险->担保风险": ""
}