{
  "工商信息->工商信息->经营范围": "一般项目：技术服务、技术开发、技术咨询、技术交流、技术转让、技术推广；货物进出口；技术进出口；软件销售；物联网设备销售；办公设备耗材销售；互联网销售（除销售需要许可的商品）；幻灯及投影设备销售；显示器件销售；终端计量设备销售；电器辅件销售；照明器具生产专用设备销售；电子专用设备销售；智能仪器仪表销售；日用玻璃制品销售；仪器仪表销售；电线、电缆经营；日用杂品销售；日用品批发；工艺美术品及礼仪用品销售（象牙及其制品除外）；玩具、动漫及游艺用品销售；软件开发；社会经济咨询服务；计算机系统服务；专业设计服务；专用设备修理。（除依法须经批准的项目外，凭营业执照依法自主开展经营活动）（不得从事国家和本市产业政策禁止和限制类项目的经营活动。）",
  "上市信息->证券信息": null,
  "工商信息->工商信息->企业名称": "北京谛都科技有限公司",
  "工商信息->工商信息->登记机关": "北京市海淀区市场监督管理局",
  "法律诉讼->限制出境": "",
  "经营风险->担保风险": ""
}