{
  "工商信息->工商信息->经营范围": "技术开发、咨询、转让、服务；企业管理咨询；软件开发；商务咨询；租赁办公设备；计算机系统的集成、安装、调试、管理；销售计算机及辅助设备、软件、电子产品、机械设备、五金、塑料制品、办公用品、工艺品、针纺织品、化妆品、玩具、办公设备、太阳能光伏发电设备及组件；专业承包、施工总承包、劳务分包。（市场主体依法自主选择经营项目，开展经营活动；依法须经批准的项目，经相关部门批准后依批准的内容开展经营活动；不得从事国家和本市产业政策禁止和限制类项目的经营活动。）",
  "上市信息->证券信息": null,
  "工商信息->工商信息->企业名称": "北京鼎信泰德科技有限公司",
  "工商信息->工商信息->登记机关": "北京市怀柔区市场监督管理局",
  "法律诉讼->限制出境": "",
  "经营风险->担保风险": ""
}