{
  "工商信息->工商信息->经营范围": "一般项目：技术服务、技术开发、技术咨询、技术交流、技术转让、技术推广；钟表销售；珠宝首饰零售；鞋帽零售；服装服饰零售；针纺织品及原料销售；日用百货销售；体育用品及器材零售；建筑材料销售；金属材料销售；电子产品销售；机械设备销售；金属制品销售；日用家电零售；计算机软硬件及辅助设备零售；新鲜水果零售；通讯设备销售；眼镜销售（不含隐形眼镜）；办公设备耗材销售；办公设备销售；安防设备销售；照相器材及望远镜批发；数据处理服务；计算机及办公设备维修。（除依法须经批准的项目外，凭营业执照依法自主开展经营活动）（不得从事国家和本市产业政策禁止和限制类项目的经营活动。）",
  "上市信息->证券信息": null,
  "工商信息->工商信息->企业名称": "北京中科海霞科技有限公司",
  "工商信息->工商信息->登记机关": "北京市昌平区市场监督管理局",
  "法律诉讼->限制出境": "",
  "经营风险->担保风险": ""
}