{
  "工商信息->工商信息->经营范围": "技术服务、技术开发、技术推广、技术咨询、技术转让；软件开发；组织文化艺术交流活动（不含演出）；经济贸易咨询；设计、制作、代理、发布广告；承办展览展示活动；会议服务；计算机系统服务；专业承包、劳务分包、施工总承包；电脑图文设计、制作；销售电子产品、计算机、软件及辅助设备、机械设备、文化用品。（企业依法自主选择经营项目，开展经营活动；依法须经批准的项目，经相关部门批准后依批准的内容开展经营活动；不得从事本市产业政策禁止和限制类项目的经营活动。）",
  "上市信息->证券信息": null,
  "工商信息->工商信息->企业名称": "北京浩恩信息技术有限公司",
  "工商信息->工商信息->登记机关": "北京市怀柔区市场监督管理局",
  "法律诉讼->限制出境": "",
  "经营风险->担保风险": ""
}