{
  "工商信息->工商信息->经营范围": "工程设计；技术开发、咨询、服务、转让、推广；电脑图文设计、制作；经济信息咨询；计算机系统服务；软件开发；组织文化艺术交流活动；承办展览展示；会议服务；翻译服务；文艺创作；租赁建筑工程机械、建筑工程设备；设计、代理、发布、制作广告；城市园林绿化；建筑物清洁服务、家庭劳务服务；花卉租摆；专业承包、施工总承包、劳务分包；技术进出口、货物进出口、代理进出口；销售计算机、软件及辅助设备、电子产品、机械设备、五金交电、化工产品、文化用品、通讯设备、消防器材、日用杂货、工艺品、化妆品、服装、鞋帽、针纺织品、I类医疗器械、照相器材、体育用品。（企业依法自主选择经营项目，开展经营活动；依法须经批准的项目，经相关部门批准后依批准的内容开展经营活动；不得从事本市产业政策禁止和限制类项目的经营活动。）",
  "上市信息->证券信息": null,
  "工商信息->工商信息->企业名称": "北京捷信博远科技有限公司",
  "工商信息->工商信息->登记机关": "北京市工商行政管理局怀柔分局",
  "法律诉讼->限制出境": "",
  "经营风险->担保风险": ""
}