{
  "工商信息->工商信息->经营范围": "一般项目：技术服务、技术开发、技术咨询、技术交流、技术转让、技术推广；计算机软硬件及辅助设备零售；计算机软硬件及辅助设备批发；电子产品销售；家用电器销售；制冷、空调设备销售；机械设备销售；计算机及通讯设备租赁；办公设备租赁服务；货物进出口；技术进出口。（除依法须经批准的项目外，凭营业执照依法自主开展经营活动）",
  "上市信息->证券信息": null,
  "工商信息->工商信息->企业名称": "天津添泰科技有限公司",
  "工商信息->工商信息->登记机关": "天津市武清区市场监督管理局",
  "法律诉讼->限制出境": "",
  "经营风险->担保风险": ""
}