{
  "工商信息->工商信息->经营范围": "信息技术开发、咨询服务、转让，计算机系统集成服务，计算机及辅助设备、家用电器、通讯器材、安全防范产品、照相器材、电子产品、日用百货、办公用品销售，计算机网络工程施工，计算机辅助设备安装、维修。（依法须经批准的项目，经相关部门批准后方可开展经营活动）",
  "上市信息->证券信息": null,
  "工商信息->工商信息->企业名称": "天津智行汇信息技术有限公司",
  "工商信息->工商信息->登记机关": "天津市武清区市场监督管理局",
  "法律诉讼->限制出境": "",
  "经营风险->担保风险": ""
}