{
  "工商信息->工商信息->经营范围": "从事计算机信息科技领域内的技术开发、技术转让、技术咨询、技术服务，展览展示服务、会务服务，航空电子设备、自动化控制设备、民用航空器、摄影及摄像器材、计算机、软件及辅助设备（除计算机信息系统安全专用产品）的批发及租赁，从事货物及技术的进出口业务。 【依法须经批准的项目，经相关部门批准后方可开展经营活动】",
  "上市信息->证券信息": null,
  "工商信息->工商信息->企业名称": "上海飞来信息科技有限公司",
  "工商信息->工商信息->登记机关": "闵行区市场监督管理局",
  "法律诉讼->限制出境": "",
  "经营风险->担保风险": ""
}