{
  "工商信息->工商信息->经营范围": "一般项目：技术服务、技术开发、技术咨询、技术交流、技术转让、技术推广；计算机系统服务；电子产品销售；计算机软硬件及辅助设备零售；软件开发；机械设备租赁；信息技术咨询服务；计算机及通讯设备租赁；计算机及办公设备维修；计算机软硬件及外围设备制造。（除依法须经批准的项目外，凭营业执照依法自主开展经营活动）（不得从事国家和本市产业政策禁止和限制类项目的经营活动。）",
  "上市信息->证券信息": null,
  "工商信息->工商信息->企业名称": "伊姆普瑞（北京）技术服务有限公司",
  "工商信息->工商信息->登记机关": "北京市昌平区市场监督管理局",
  "法律诉讼->限制出境": "",
  "经营风险->担保风险": ""
}