{
  "工商信息->工商信息->经营范围": "软件开发;其他电子器件制造;办公设备租赁服务;家用电器研发;计算机软硬件及辅助设备零售;音响设备销售;家用电器制造;交通及公共管理用金属标牌制造;工业控制计算机及系统销售;显示器件销售;显示器件制造;交通及公共管理用标牌销售;货物进出口;机械零件、零部件加工;技术服务、技术开发、技术咨询、技术交流、技术转让、技术推广;信息技术咨询服务;第二类医疗器械销售;电子元器件与机电组件设备销售;家用电器零配件销售;家用电器销售;电子、机械设备维护（不含特种设备）;电子元器件与机电组件设备制造;计算机软硬件及外围设备制造;工业控制计算机及系统制造;影视录放设备制造;音响设备制造;电子元器件制造;电视机制造;",
  "上市信息->证券信息": null,
  "工商信息->工商信息->企业名称": "广州市瀚丽美电子有限公司",
  "工商信息->工商信息->登记机关": "广州市番禺区市场监督管理局",
  "法律诉讼->限制出境": "",
  "经营风险->担保风险": ""
}