{
  "工商信息->工商信息->经营范围": "技术开发、技术咨询、技术转让、技术推广、技术服务；技术进出口；软件开发；基础软件服务；应用软件服务；计算机系统服务；设计、制作、代理、发布广告；承办展览展示活动；会议服务；销售自行开发的产品、计算机、软件及辅助设备、电子产品、通讯设备（不得从事实体店铺经营）。（市场主体依法自主选择经营项目，开展经营活动；依法须经批准的项目，经相关部门批准后依批准的内容开展经营活动；不得从事国家和本市产业政策禁止和限制类项目的经营活动。）",
  "上市信息->证券信息": null,
  "工商信息->工商信息->企业名称": "并行未来（北京）科技有限公司",
  "工商信息->工商信息->登记机关": "北京经济技术开发区市场监督管理局",
  "法律诉讼->限制出境": "",
  "经营风险->担保风险": ""
}