{
  "工商信息->工商信息->经营范围": "一般项目：软件开发；软件销售；软件外包服务；区块链技术相关软件和服务；网络与信息安全软件开发；信息系统集成服务；信息系统运行维护服务；工业互联网数据服务；互联网数据服务；大数据服务；数据处理服务；数据处理和存储支持服务；信息技术咨询服务；技术服务、技术开发、技术咨询、技术交流、技术转让、技术推广；网络设备制造；网络设备销售；计算机软硬件及外围设备制造；计算机软硬件及辅助设备批发；计算机软硬件及辅助设备零售；货币专用设备制造；货币专用设备销售；商用密码产品生产；商用密码产品销售；电子专用设备制造；电子专用设备销售；半导体器件专用设备制造；半导体器件专用设备销售；专用设备制造（不含许可类专业设备制造）；物联网技术服务；物联网技术研发；物联网应用服务；物联网设备制造；物联网设备销售；专用设备修理；计算机及通讯设备租赁；货物进出口；技术进出口；进出口代理；非居住房地产租赁；住房租赁；以自有资金从事投资活动；业务培训（不含教育培训、职业技能培训等需取得许可的培训）；物业管理（除依法须经批准的项目外，凭营业执照依法自主开展经营活动）。许可项目：基础电信业务；第一类增值电信业务；第二类增值电信业务；互联网信息服务；建筑智能化系统设计；建设工程施工（依法须经批准的项目，经相关部门批准后方可开展经营活动，具体经营项目以相关部门批准文件或许可证件为准）。",
  "上市信息->证券信息": null,
  "工商信息->工商信息->企业名称": "云南南天电子信息产业股份有限公司",
  "工商信息->工商信息->登记机关": "云南省市场监督管理局",
  "法律诉讼->限制出境": "",
  "经营风险->担保风险": ""
}