{
  "工商信息->工商信息->经营范围": "计算机软件、计算机科技、信息技术、智能化科技领域内的技术开发、技术咨询、技术服务、技术转让，计算机系统集成，计算机软件开发，计算机软件及辅助设备的销售，从事货物及技术的进出口业务。【依法须经批准的项目，经相关部门批准后方可开展经营活动】",
  "上市信息->证券信息": null,
  "工商信息->工商信息->企业名称": "上海寒武纪信息科技有限公司",
  "工商信息->工商信息->登记机关": "自由贸易试验区临港新片区市场监督管理局",
  "法律诉讼->限制出境": "",
  "经营风险->担保风险": ""
}