{
  "工商信息->工商信息->经营范围": "一般项目：技术服务、技术开发、技术咨询、技术交流、技术转让、技术推广；软件开发；机械设备租赁；租赁服务（不含许可类租赁服务）；计算机软硬件及辅助设备批发；计算机软硬件及辅助设备零售；网络设备销售；办公设备销售；办公设备耗材销售；安防设备销售；照相机及器材销售；电子产品销售；日用百货销售；办公用品销售；五金产品零售；五金产品批发；金属材料销售；建筑材料销售；通讯设备销售；家用电器销售；机械设备销售；家具销售；互联网销售（除销售需要许可的商品）。（除依法须经批准的项目外，凭营业执照依法自主开展经营活动）",
  "上市信息->证券信息": null,
  "工商信息->工商信息->企业名称": "上海骥章信息科技有限公司",
  "工商信息->工商信息->登记机关": "嘉定区市场监督管理局",
  "法律诉讼->限制出境": "",
  "经营风险->担保风险": ""
}