{
  "工商信息->工商信息->经营范围": "一般项目：技术服务、技术开发、技术咨询、技术交流、技术转让、技术推广；信息系统集成服务；园林绿化工程施工；办公设备租赁服务；计算机及通讯设备租赁；家具销售；纸制品销售；机械零件、零部件销售；通讯设备销售；文具用品批发；文具用品零售；办公用品销售；照相机及器材销售；五金产品批发；五金产品零售；服装服饰批发；服装服饰零售；日用百货销售；计算机软硬件及辅助设备批发；计算机软硬件及辅助设备零售；家用电器销售。（除依法须经批准的项目外，凭营业执照依法自主开展经营活动）",
  "上市信息->证券信息": null,
  "工商信息->工商信息->企业名称": "上海树明电子科技有限公司",
  "工商信息->工商信息->登记机关": "嘉定区市场监督管理局",
  "法律诉讼->限制出境": "",
  "经营风险->担保风险": ""
}