{
  "工商信息->工商信息->经营范围": "工程和技术研究和试验发展;新材料技术研发;技术服务、技术开发、技术咨询、技术交流、技术转让、技术推广;软件开发;电子专用材料研发;电子专用材料销售;服装服饰批发;计算机软硬件及辅助设备批发;办公设备耗材销售;软件销售;计算机及办公设备维修;信息技术咨询服务;计算机及通讯设备租赁;办公设备租赁服务;电子产品销售;计算机系统服务;计算机软硬件及辅助设备零售;信息系统集成服务;网络技术服务;第二类增值电信业务;互联网信息服务",
  "上市信息->证券信息": null,
  "工商信息->工商信息->企业名称": "广州仕捷信息科技有限公司",
  "工商信息->工商信息->登记机关": "广州市天河区市场监督管理局",
  "法律诉讼->限制出境": "",
  "经营风险->担保风险": ""
}