{
  "工商信息->工商信息->经营范围": "计算机及通讯设备租赁;计算机系统服务;物联网技术服务;信息系统集成服务;厨具卫具及日用杂品批发;计算机软硬件及辅助设备批发;云计算设备销售;电子元器件批发;日用品批发;日用百货销售;物联网设备销售;办公用品销售;个人卫生用品销售;玩具、动漫及游艺用品销售;卫生洁具销售;电子元器件零售;机械零件、零部件销售;包装材料及制品销售;日用家电零售;计算机软硬件及辅助设备零售;通信设备销售;五金产品零售;皮革制品销售;文具用品零售;金属包装容器及材料销售;电工仪器仪表销售;半导体照明器件销售;照明器具销售;非电力家用器具销售;食用农产品零售;橡胶制品销售;金属制品销售;仪器仪表销售;消防器材销售;针纺织品销售;计算机及办公设备维修;医用口罩零售;智能仪器仪表销售;卫生用品和一次性使用医疗用品销售;电池销售;劳动保护用品销售;医护人员防护用品零售;钟表与计时仪器销售;办公设备销售;电线、电缆经营;家具零配件销售;家用电器零配件销售;日用品销售;礼品花卉销售;钟表销售;眼镜销售（不含隐形眼镜）;家用视听设备销售;灯具销售;互联网销售（除销售需要许可的商品）;互联网设备销售;电子产品销售;计算器设备销售;软件销售;办公设备耗材销售;制冷、空调设备销售;照相机及器材销售;音响设备销售;体育用品及器材零售;日用口罩（非医用）销售;家用电器销售;日用杂品销售;智能无人飞行器销售;厨具卫具及日用杂品零售;照相器材及望远镜零售;家具销售;第一类医疗器械销售;第二类医疗器械销售;医疗设备租赁;信息系统运行维护服务;信息技术咨询服务;第三类医疗器械经营;医疗器械互联网信息服务;",
  "上市信息->证券信息": null,
  "工商信息->工商信息->企业名称": "广州梵影信息科技有限公司",
  "工商信息->工商信息->登记机关": "广州市海珠区市场监督管理局",
  "法律诉讼->限制出境": "",
  "经营风险->担保风险": ""
}