{
  "工商信息->工商信息->经营范围": "信息技术咨询服务;计算机技术开发、技术服务;电子、通信与自动控制技术研究、开发;计算机网络系统工程服务;计算机和辅助设备修理;其他通信设备专业修理;商品批发贸易（许可审批类商品除外）;企业形象策划服务;会议及展览服务;电子产品批发;通信系统工程服务;计算机及通讯设备租赁;音频和视频设备租赁;视频设备出租服务;计算机硬件的研究、开发;防伪标签技术开发、技术服务;电子防伪系统技术开发、技术服务;物联网技术研究开发;射频识别（RFID）设备的研究开发;人工智能算法软件的技术开发与技术服务;信息电子技术服务;计算机技术转让服务;电力电子技术服务;网络信息技术推广服务;软件技术推广服务;信息系统安全服务;网络安全信息咨询;网络技术的研究、开发;智能机器系统技术服务;",
  "上市信息->证券信息": null,
  "工商信息->工商信息->企业名称": "尚阳聚云（广州）科技有限公司",
  "工商信息->工商信息->登记机关": "广州市天河区市场监督管理局",
  "法律诉讼->限制出境": "",
  "经营风险->担保风险": ""
}