{
  "工商信息->工商信息->经营范围": "一般项目：技术服务、技术开发、技术咨询、技术交流、技术转让、技术推广；水资源专用机械设备制造；环境保护专用设备制造；环境保护专用设备销售；气体、液体分离及纯净设备制造；气体、液体分离及纯净设备销售；直饮水设备销售；石墨及碳素制品制造；石墨及碳素制品销售；纸制品制造；纸制品销售；普通机械设备安装服务；家用电器安装服务；物联网设备制造；物联网设备销售；计算机软硬件及外围设备制造；计算机软硬件及辅助设备批发；计算机软硬件及辅助设备零售；电子产品销售；云计算设备制造；云计算设备销售；智能家庭消费设备制造；互联网销售（除销售需要许可的商品）；互联网设备销售（除依法须经批准的项目外，凭营业执照依法自主开展经营活动）",
  "上市信息->证券信息": null,
  "工商信息->工商信息->企业名称": "盐城优度科技有限公司",
  "工商信息->工商信息->登记机关": "滨海县行政审批局",
  "法律诉讼->限制出境": "",
  "经营风险->担保风险": ""
}