{
  "工商信息->工商信息->经营范围": "一般项目：技术服务、技术开发、技术咨询、技术交流、技术转让、技术推广；专业设计服务；工业设计服务；软件开发；计算机系统服务；信息系统集成服务；轨道交通通信信号系统开发；轨道交通运营管理系统开发；机械设备销售；金属材料销售；橡胶制品销售；塑料制品销售；软件销售；电子产品销售；仪器仪表销售；信息安全设备销售；铁路运输设备销售；铁路运输基础设备销售；轨道交通专用设备、关键系统及部件销售；轨道交通工程机械及部件销售；安防设备销售；通讯设备销售；模具销售；消防器材销售；机械设备租赁；建筑工程机械与设备租赁；城市轨道交通设备制造；安防设备制造；工业自动控制系统装置制造；铁路专用测量或检验仪器制造；铁路专用测量或检验仪器销售；物联网技术服务；大数据服务；工程管理服务；通信设备制造；通信设备销售。（除依法须经批准的项目外，凭营业执照依法自主开展经营活动）许可项目：建设工程施工。（依法须经批准的项目，经相关部门批准后方可开展经营活动，具体经营项目以相关部门批准文件或许可证件为准）",
  "上市信息->证券信息": null,
  "工商信息->工商信息->企业名称": "福建城建智控科技有限公司",
  "工商信息->工商信息->登记机关": "福州市市场监督管理局",
  "法律诉讼->限制出境": "",
  "经营风险->担保风险": ""
}