{
  "工商信息->工商信息->经营范围": "一般项目：通讯设备销售；电子产品销售；计算机系统服务；汽车销售；汽车零配件批发；新能源汽车换电设施销售；电动汽车充电基础设施运营；金属材料销售；机械设备销售；日用百货销售；家用电器销售；灯具销售；化工产品销售（不含许可类化工产品）；化妆品批发；卫生用品和一次性使用医疗用品销售；食用农产品批发；电动自行车销售；眼镜销售（不含隐形眼镜）；文化用品设备出租；针纺织品销售；鞋帽批发；服装服饰批发；服装服饰零售；工艺美术品及礼仪用品销售（象牙及其制品除外）；体育用品及器材批发；企业形象策划；组织文化艺术交流活动；票务代理服务；会议及展览服务；汽车装饰用品销售；机械设备租赁；技术进出口；货物进出口；电力电子元器件销售；电子元器件批发；电子元器件零售；网络设备销售；计算机软硬件及辅助设备批发；计算机软硬件及辅助设备零售；技术服务、技术开发、技术咨询、技术交流、技术转让、技术推广；幻灯及投影设备销售；可穿戴智能设备销售；钟表销售；日用陶瓷制品销售；日用品批发；文具用品批发；箱包销售；乐器零配件销售；计算机及通讯设备租赁；个人卫生用品销售；卫生洁具销售；茶具销售；新能源汽车整车销售；新能源汽车电附件销售；卫生陶瓷制品销售；家具零配件销售；家具销售；光伏设备及元器件销售；光伏发电设备租赁；食品销售（仅销售预包装食品）；食品互联网销售（仅销售预包装食品）；电子专用材料销售；非居住房地产租赁；国内贸易代理；供应链管理服务；报关业务；广告设计、代理；广告制作；电工仪器仪表销售；智能输配电及控制设备销售；个人商务服务；第二类医疗器械销售；单用途商业预付卡代理销售；运输货物打包服务；国内货物运输代理；普通货物仓储服务（不含危险化学品等需许可审批的项目）；装卸搬运。（除依法须经批准的项目外，凭营业执照依法自主开展经营活动）许可项目：输电、供电、受电电力设施的安装、维修和试验；建筑智能化系统设计；建设工程施工；建筑劳务分包；保险兼业代理业务。（依法须经批准的项目，经相关部门批准后方可开展经营活动，具体经营项目以相关部门批准文件或许可证件为准）",
  "上市信息->证券信息": null,
  "工商信息->工商信息->企业名称": "珠海迪信通科技有限公司",
  "工商信息->工商信息->登记机关": "珠海市香洲区市场监督管理局",
  "法律诉讼->限制出境": "",
  "经营风险->担保风险": ""
}