{
  "工商信息->工商信息->经营范围": "一般项目：技术服务、技术开发、技术咨询、技术交流、技术转让、技术推广；信息技术咨询服务；计算机系统服务；信息系统运行维护服务；信息系统集成服务；人工智能基础资源与技术平台；软件开发；软件销售；计算机及办公设备维修；计算机软硬件及辅助设备批发；计算机软硬件及辅助设备零售；计算机及通讯设备租赁；安全技术防范系统设计施工服务；承接档案服务外包；建筑材料销售；轻质建筑材料销售；建筑装饰材料销售；家用电器销售；电子元器件零售；通讯设备销售；电子测量仪器销售；办公用品销售；日用品销售；安防设备销售；园林绿化工程施工；家用电器安装服务；日用电器修理；租赁服务（不含许可类租赁服务）；办公设备租赁服务；机械设备租赁；工业控制计算机及系统销售；信息安全设备销售；商用密码产品销售；数字视频监控系统销售；网络设备销售；电子产品销售；办公设备耗材制造；云计算设备销售；计算器设备销售。（除依法须经批准的项目外，凭营业执照依法自主开展经营活动）（不得从事国家和本市产业政策禁止和限制类项目的经营活动。）",
  "上市信息->证券信息": null,
  "工商信息->工商信息->企业名称": "瑞兴云信息技术（北京）有限公司",
  "工商信息->工商信息->登记机关": "北京市平谷区市场监督管理局",
  "法律诉讼->限制出境": "",
  "经营风险->担保风险": ""
}