{
  "工商信息->工商信息->经营范围": "从事计算机硬件及配套零件、网络产品、多媒体产品、电子信息产品及通讯产品、办公自动化设备、仪器仪表、电器及印刷照排设备的研究、开发、批发、进出口业务（不涉及国营贸易管理商品，涉及配额、许可证管理及其他专项规定管理的商品，按国家有关规定办理申请）；计算机应用系统的安装和维修(仅限上门维修)；提供自行开发产品的技术咨询、技术服务和技术转让。先进电力电子装置销售；智能输配电及控制设备销售；电力电子元器件制造；电池销售；集装箱销售；储能技术服务；电气设备销售；太阳能光伏设备及元器件销售。充电桩销售；电动汽车充电基础设施运营；新能源汽车换电设施销售；技术服务、技术开发、技术咨询、技术交流、技术转让、技术推广；发电技术服务；停车场服务；信息技术咨询服务；工程技术服务（规划管理、勘察、设计、监理除外）。（除依法须经批准的项目外，凭营业执照依法自主开展经营活动）建设工程施工；电气安装服务；输电、供电、受电电力设施的安装、维修和试验。（依法须经批准的项目，经相关部门批准后方可开展经营活动，具体经营项目以相关部门批准文件或许可证件为准）",
  "上市信息->证券信息": null,
  "工商信息->工商信息->企业名称": "神州数码（深圳）有限公司",
  "工商信息->工商信息->登记机关": "深圳市市场监督管理局",
  "法律诉讼->限制出境": "",
  "经营风险->担保风险": ""
}