{
  "工商信息->工商信息->经营范围": "一般项目：技术服务、技术开发、技术咨询、技术交流、技术转让、技术推广,集成电路制造,集成电路销售,计算机软硬件及辅助设备零售,集成电路设计,集成电路芯片及产品制造,集成电路芯片及产品销售,集成电路芯片设计及服务,人工智能理论与算法软件开发,人工智能应用软件开发,工业设计服务,计算机系统服务,信息技术咨询服务,信息系统集成服务,网络与信息安全软件开发,机械设备销售,货物进出口,技术进出口,进出口代理,非居住房地产租赁,企业管理咨询,会议及展览服务,组织文化艺术交流活动,广告设计、代理,广告制作,计算机及通讯设备租赁,租赁服务（不含许可类租赁服务）,云计算设备制造,云计算设备销售,人工智能行业应用系统集成服务。（除许可业务外，可自主依法经营法律法规非禁止或限制的项目）许可项目：第一类增值电信业务,第二类增值电信业务。（依法须经批准的项目，经相关部门批准后方可开展经营活动，具体经营项目以相关部门批准文件或许可证件为准）",
  "上市信息->证券信息": null,
  "工商信息->工商信息->企业名称": "航锦（武汉）人工智能科技有限公司",
  "工商信息->工商信息->登记机关": "武汉东湖新技术开发区市场监督管理局",
  "法律诉讼->限制出境": "",
  "经营风险->担保风险": ""
}