{
  "工商信息->工商信息->经营范围": "一般项目：技术服务、技术开发、技术咨询、技术交流、技术转让、技术推广；电力设施器材销售；电力电子元器件销售；集成电路芯片及产品销售；智能输配电及控制设备销售；先进电力电子装置销售；机械电气设备销售；电工仪器仪表销售；配电开关控制设备销售；电子测量仪器销售；电容器及其配套设备销售；电子专用设备销售；电线、电缆经营；电气设备销售；电力测功电机销售；供应用仪器仪表销售；新材料技术研发；家用电器安装服务；发电技术服务；信息技术咨询服务；安全咨询服务；业务培训（不含教育培训、职业技能培训等需取得许可的培训）；电子产品销售；通讯设备销售；计算机软硬件及辅助设备批发；计算机软硬件及辅助设备零售(除依法须经批准的项目外，凭营业执照依法自主开展经营活动)。许可项目：输电、供电、受电电力设施的安装、维修和试验(依法须经批准的项目，经相关部门批准后方可开展经营活动，具体经营项目以审批结果为准)。",
  "上市信息->证券信息": null,
  "工商信息->工商信息->企业名称": "衢州朗能电力科技有限公司",
  "工商信息->工商信息->登记机关": "衢州市柯城区市场监督管理局",
  "法律诉讼->限制出境": "",
  "经营风险->担保风险": ""
}