{
  "工商信息->工商信息->经营范围": "军用改装车及军用方舱、集装箱及通信设备（不含地面卫星接收设备）的研制生产及销售；民用车改装、生产、销售及其它机电产品的研制生产和销售；伪装网、伪装遮障、隐身材料、隐身网、合成材料的研发、生产及销售；导航、气象及海洋专用仪器、光学仪器、集成电路、照相机及器材、医疗设备、应用电视设备及其他广播电视设备的研发、生产及销售；软件开发和信息技术咨询服务。（依法须经批准的项目，经相关部门批准后方可开展经营活动）",
  "上市信息->证券信息": null,
  "工商信息->工商信息->企业名称": "衡阳泰豪通信车辆有限公司",
  "工商信息->工商信息->登记机关": "衡阳市市场监督管理局",
  "法律诉讼->限制出境": "",
  "经营风险->担保风险": ""
}