{
  "工商信息->工商信息->经营范围": "机电产品、五金设备及相关零部件的开发、制造、工装；销售：塑料制品、塑料粒子、五金制品、金属材料；粘合剂的研发和销售；以服务外包方式从事自动化设备机械及电器安装；自营和代理上述商品及技术的进出口业务。（依法须经批准的项目，经相关部门批准后方可开展经营活动）许可项目：货物进出口（依法须经批准的项目，经相关部门批准后方可开展经营活动，具体经营项目以审批结果为准）一般项目：软件销售；机械设备研发；光通信设备制造；光通信设备销售；半导体器件专用设备制造；软件开发；半导体器件专用设备销售；电子专用设备制造；电子专用设备销售；终端测试设备制造；终端测试设备销售；智能车载设备制造；智能车载设备销售；新能源汽车生产测试设备销售；集成电路芯片及产品销售（除依法须经批准的项目外，凭营业执照依法自主开展经营活动）",
  "上市信息->证券信息": null,
  "工商信息->工商信息->企业名称": "苏州市诚瑞科技有限公司",
  "工商信息->工商信息->登记机关": "苏州高新区（虎丘区）行政审批局",
  "法律诉讼->限制出境": "",
  "经营风险->担保风险": ""
}