{
  "工商信息->工商信息->经营范围": "销售：计算机软硬件及配件、计算机设备耗材、电线电缆、通讯器材、电子产品、仪器仪表、家用电器、办公设备及用品、日用百货、文体用品、五金工具、化妆品、服装、工艺品；计算机维护服务；承接网络工程、楼宇智能化系统服务；办公设备租赁及安装服务。（依法须经批准的项目，经相关部门批准后方可开展经营活动）",
  "上市信息->证券信息": null,
  "工商信息->工商信息->企业名称": "苏州泰克云飞系统集成有限公司",
  "工商信息->工商信息->登记机关": "苏州市姑苏区行政审批局",
  "法律诉讼->限制出境": "",
  "经营风险->担保风险": ""
}