{
  "工商信息->工商信息->经营范围": "一般项目：技术进出口；进出口代理；货物进出口；集成电路芯片设计及服务；集成电路芯片及产品制造；集成电路芯片及产品销售；光电子器件制造；光电子器件销售；光通信设备制造；光通信设备销售；电子专用材料研发；软件销售；软件开发；互联网设备销售；网络设备制造；互联网数据服务；数据处理和存储支持服务；技术服务、技术开发、技术咨询、技术交流、技术转让、技术推广（除依法须经批准的项目外，凭营业执照依法自主开展经营活动）",
  "上市信息->证券信息": null,
  "工商信息->工商信息->企业名称": "苏州海光芯创光电科技股份有限公司",
  "工商信息->工商信息->登记机关": "苏州市数据局",
  "法律诉讼->限制出境": "",
  "经营风险->担保风险": ""
}