{
  "工商信息->工商信息->经营范围": "许可项目：第三类医疗器械经营；第二类增值电信业务。（依法须经批准的项目，经相关部门批准后方可开展经营活动，具体经营项目以相关部门批准文件或许可证件为准）一般项目：技术服务、技术开发、技术咨询、技术交流、技术转让、技术推广；软件开发；软件销售；租赁服务（不含许可类租赁服务）；第一类医疗器械销售；第二类医疗器械销售；机械零件、零部件销售；化工产品销售（不含许可类化工产品）；计算机软硬件及辅助设备批发；计算机软硬件及辅助设备零售【分支机构经营】；货物进出口；技术进出口；进出口代理；国内贸易代理；贸易经纪；离岸贸易经营；采购代理服务；普通货物仓储服务（不含危险化学品等需许可审批的项目）；互联网销售（除销售需要许可的商品）；企业总部管理（受母公司委托为母公司及其所投资企业或者关联公司提供经营决策、资金运作和财务管理、研究开发和技术支持、承接本公司集团内部的共享服务及境外公司的服务外包、货物分拨等物流运作、市场营销服务及上述服务相关咨询服务）；市场营销策划；社会经济咨询服务；信息咨询服务（不含许可类信息咨询服务）；包装服务；会议及展览服务；医院管理；企业管理咨询；计算机系统服务；计算机及办公设备维修。（除依法须经批准的项目外，凭营业执照依法自主开展经营活动）",
  "上市信息->证券信息": null,
  "工商信息->工商信息->企业名称": "西门子医疗系统有限公司",
  "工商信息->工商信息->登记机关": "上海市市场监督管理局",
  "法律诉讼->限制出境": "",
  "经营风险->担保风险": ""
}