{
  "工商信息->工商信息->经营范围": "计算机技术的技术开发、技术服务、技术推广；普通机械设备的租赁；货物及技术的进出口业务(国家禁止或限制进出口的货物和技术除外)；计算机软硬件及辅助设备、普通机械设备、电子产品、通讯设备、机电设备、办公用品、文化用品、陶瓷制品、化工产品（不含易燃易爆危险品、监控易制毒化学品）、建筑材料、钢材、仪器仪表、五金交电、纸制品、医疗器械、婴儿用品、家用电器、日用品的销售。（依法须经批准的项目，经相关部门批准后方可开展经营活动）",
  "上市信息->证券信息": null,
  "工商信息->工商信息->企业名称": "西安京联东升电子商务有限公司",
  "工商信息->工商信息->登记机关": "西安市市场监督管理局高新区分局（航天片区）",
  "法律诉讼->限制出境": "",
  "经营风险->担保风险": ""
}