{
  "工商信息->工商信息->经营范围": "技术服务、技术开发、技术咨询、技术交流、技术转让、技术推广;工程和技术研究和试验发展;计算机软硬件及辅助设备批发;家用电器销售;通信设备销售;移动通信设备销售;电子产品销售;电子元器件零售;网络技术服务;软件开发;信息系统运行维护服务;计算机系统服务;广告制作;广告设计、代理;信息技术咨询服务;企业管理咨询;信息系统集成服务;",
  "上市信息->证券信息": null,
  "工商信息->工商信息->企业名称": "联趣科技发展股份有限公司",
  "工商信息->工商信息->登记机关": "广州市市场监督管理局",
  "法律诉讼->限制出境": "",
  "经营风险->担保风险": ""
}